"tract","Name","Employment_Rate_rP_gP_p75"
24510010500,"Upper Fells Point, Baltimore, MD",0.9326
24005490302,"Towson, MD",0.9079
24027605505,"River Hill, Clarksville, MD",0.9052
24005411101,"Kingsville, MD",0.9045
24005408602,"Lutherville-Timonium, MD",0.8967
24005490602,"Baltimore, MD",0.8957
24510040200,"Downtown, Baltimore, MD",0.8955
24510020100,"Upper Fells Point, Baltimore, MD",0.8951
24033800215,"Laurel, MD",0.8949
24005491300,"Baltimore, MD",0.8928
24013505207,"Sykesville, MD",0.8927
24027606804,"Kings Contrivance, Columbia, MD",0.8918
24031703100,"Silver Spring, MD",0.8917
24510170100,"Downtown, Baltimore, MD",0.8877
24510060300,"Butchers Hill, Baltimore, MD",0.8874
24510270200,"Lauraville, Baltimore, MD",0.8852
24027606805,"Laurel, MD",0.8848
24033800103,"Laurel, MD",0.884
24510130400,"Woodbrook, Baltimore, MD",0.8826
24003731004,"Annapolis, MD",0.8816
24027602700,"Taylor Village, Ellicott City, MD",0.8813
24027602600,"Ellicott City, MD",0.8812
24005403803,"Pikesville, MD",0.8807
24005492101,"Parkville, MD",0.8802
24510250101,"Beechfield, Baltimore, MD",0.8801
24027606705,"Owen Brown, Columbia, MD",0.8788
24510200400,"Shipley Hill, Baltimore, MD",0.8786
24025304201,"Fallston, MD",0.8782
24510130805,"Cold Springs, Baltimore, MD",0.8778
24025301106,"Bel Air, MD",0.8775
24510040100,"Downtown, Baltimore, MD",0.8765
24510250207,"Cherry Hill, Baltimore, MD",0.875
24005490701,"Towson, MD",0.8744
24003751700,"Crownsville, MD",0.8743
24027602303,"Ellicott City, MD",0.8743
24005491401,"Parkville, MD",0.8735
24510160300,"Sandtown-Winchester, Baltimore, MD",0.8732
24005491000,"Baltimore, MD",0.8731
24510010300,"Canton, Baltimore, MD",0.8716
24005492600,"Parkville, MD",0.8706
24003730204,"Glen Burnie, MD",0.8705
24005400200,"Catonsville, MD",0.8701
24510271300,"Roland Park, Baltimore, MD",0.8697
24005440300,"Nottingham, MD",0.8693
24031702101,"Montgomery Knolls, Silver Spring, MD",0.8692
24510270101,"Arcadia, Baltimore, MD",0.8688
24005401506,"Windsor Mill, Baltimore, MD",0.8686
24005404201,"Owings Mills, MD",0.8685
24025303203,"Forest Hill, MD",0.8684
24027602306,"Dunloggin, Ellicott City, MD",0.8681
24005403401,"Pikesville, MD",0.8679
24510260201,"Frankford, Baltimore, MD",0.8677
24005491500,"Parkville, MD",0.8676
24033800402,"Bowie, MD",0.8668
24003750804,"Glen Burnie, MD",0.8668
24005404403,"Reisterstown, MD",0.8667
24005411308,"Nottingham, MD",0.8657
24005491701,"Parkville, MD",0.8654
24025302802,"Aberdeen, MD",0.8652
24005408704,"Mays Chapel, Lutherville-Timonium, MD",0.8647
24003730506,"South Gate, Glen Burnie, MD",0.8645
24025301108,"Abingdon, MD",0.8642
24003731203,"Severna Park, MD",0.8641
24510250203,"Cherry Hill, Baltimore, MD",0.864
24510151200,"Park Circle, Baltimore, MD",0.8636
24510150600,"NW Community Action, Baltimore, MD",0.8635
24033806708,"Greenbelt, MD",0.8633
24013508200,"Hampstead, MD",0.8629
24005411307,"Nottingham, MD",0.8626
24003740105,"Severn, MD",0.8623
24003730504,"South Gate, Millersville, MD",0.8621
24510271501,"Mount Washington, Baltimore, MD",0.8619
24027606803,"Kings Contrivance, Columbia, MD",0.8611
24005401505,"Catonsville, MD",0.8609
24033800206,"Laurel, MD",0.8608
24025301601,"Edgewood, MD",0.8604
24005451600,"Middle River, MD",0.8602
24025303300,"Fallston, MD",0.8602
24033805700,"Hyattsville, MD",0.8602
24510260800,"Baltimore Highlands, Baltimore, MD",0.8601
24510261100,"Canton, Baltimore, MD",0.8599
24005404502,"Reisterstown, MD",0.8598
24027602304,"Ellicott City, MD",0.8596
24510260402,"Frankford, Baltimore, MD",0.8596
24005490603,"Baltimore, MD",0.8596
24025303501,"Bel Air, MD",0.8593
24510130600,"Hampden, Baltimore, MD",0.8586
24033807409,"Beltsville, MD",0.8583
24005411303,"Nottingham, MD",0.8582
24510271200,"Homeland, Baltimore, MD",0.8582
24005403801,"Baltimore County, MD",0.858
24031701601,"Silver Spring, MD",0.8579
24005404402,"Reisterstown, MD",0.8577
24033800106,"Laurel, MD",0.8575
24027606701,"Kings Contrivance, Columbia, MD",0.8568
24005404900,"Owings Mills, MD",0.8561
24005401400,"Catonsville, MD",0.856
24510271002,"Winston - Govans, Baltimore, MD",0.8554
24005404600,"Reisterstown, MD",0.8551
24027606604,"Columbia, MD",0.8551
24510020300,"Fells Point, Baltimore, MD",0.8549
24033807304,"Adelphi, MD",0.8549
24027606706,"Kendall Ridge, Columbia, MD",0.8545
24003740702,"Odenton, MD",0.8544
24031702302,"Silver Spring, MD",0.8543
24003740103,"Hanover, MD",0.854
24510010100,"Canton, Baltimore, MD",0.8538
24031701408,"Spencerville, MD",0.8538
24003731002,"Annapolis, MD",0.8535
24005404501,"Reisterstown, MD",0.8532
24025301105,"Abingdon, MD",0.853
24027606901,"Savage, Jessup, MD",0.8529
24005408703,"Mays Chapel, Lutherville-Timonium, MD",0.8526
24005420200,"Dundalk, MD",0.8521
24005403701,"Owings Mills, MD",0.8521
24027606806,"Kings Contrivance, Laurel, MD",0.852
24033807407,"Beltsville, MD",0.8518
24005402304,"Gwynn Oak, Baltimore, MD",0.8517
24005408502,"Lutherville, Lutherville-Timonium, MD",0.8517
24003750400,"Linthicum Heights, MD",0.8511
24027605401,"Dorsey's Search, Columbia, MD",0.8511
24510271801,"Arlington, Baltimore, MD",0.8507
24510270901,"New Northwood, Baltimore, MD",0.8503
24510270702,"Harford - Echodale - Perring Parkway, Baltimore, MD",0.8502
24005408505,"Lutherville-Timonium, MD",0.8502
24027603001,"Woodstock, MD",0.85
24005400400,"Catonsville, MD",0.8498
24005440900,"Rosedale, MD",0.8496
24003731308,"Pasadena, MD",0.8493
24027606603,"Oakland Mills, Columbia, MD",0.8493
24003740104,"Severn, MD",0.849
24003731202,"Pasadena, MD",0.849
24027605102,"Fulton, MD",0.8486
24013505102,"Sykesville, MD",0.8486
24005411406,"Nottingham, MD",0.8486
24029950400,"Chestertown, MD",0.8484
24027601201,"Elkridge, MD",0.848
24510030100,"Perkins Homes, Baltimore, MD",0.8478
24013505203,"Eldersburg, MD",0.8477
24033807408,"Beltsville, MD",0.8476
24025303204,"Forest Hill, MD",0.8476
24027605602,"Hickory Ridge, Columbia, MD",0.8475
24005401000,"Catonsville, MD",0.8475
24005403100,"Gwynn Oak, Pikesville, MD",0.8475
24031701421,"Silver Spring, MD",0.847
24510270600,"Harford - Echodale - Perring Parkway, Baltimore, MD",0.8468
24025303400,"Fallston, MD",0.8467
24005405000,"Upperco, MD",0.8467
24003751600,"Annapolis, MD",0.8466
24025301401,"Harford County, MD",0.8465
24003730502,"South Gate, Glen Burnie, MD",0.8463
24031703000,"South Four Corners, Silver Spring, MD",0.8462
24005404404,"Reisterstown, MD",0.8462
24027605502,"Harper's Choice, Columbia, MD",0.8461
24510280200,"Gwynn Oak, Baltimore, MD",0.8461
24033800401,"Bowie, MD",0.8458
24031701415,"Silver Spring, MD",0.8458
24005452000,"Sparrows Point, MD",0.8458
24025303102,"Churchville, MD",0.8457
24005451200,"Middle River, MD",0.8456
24510260102,"Frankford, Baltimore, MD",0.8455
24005452100,"Sparrows Point, MD",0.8454
24031701317,"Brookeville, MD",0.845
24005400900,"Catonsville, MD",0.845
24510200702,"Saint Joseph's, Baltimore, MD",0.8449
24033806713,"Greenbelt, MD",0.8447
24003750201,"Brooklyn, Baltimore, MD",0.8446
24033806712,"Greenbelt, MD",0.8443
24003750801,"Glen Burnie, MD",0.844
24025303803,"Bel Air, MD",0.8439
24005401503,"Catonsville, MD",0.8438
24003751103,"Glen Burnie, MD",0.8433
24005400702,"Baltimore, MD",0.8433
24033805904,"Hyattsville, MD",0.8432
24003740800,"Gambrills, MD",0.8431
24005402202,"Baltimore County, MD",0.8431
24005400800,"Catonsville, MD",0.8429
24005408400,"Cockeysville, MD",0.8427
24031701409,"Burtonsville, MD",0.8426
24510090300,"Ednor Gardens - Lakeside, Baltimore, MD",0.8426
24031701602,"Silver Spring, MD",0.8423
24003731102,"Arnold, MD",0.842
24027603004,"Ellicott City, MD",0.842
24027606607,"Long Reach, Columbia, MD",0.8418
24005402307,"Pikesville, MD",0.8417
24005420500,"Baltimore, MD",0.8415
24005411404,"Parkville, MD",0.8412
24510270102,"Waltherson, Baltimore, MD",0.841
24510090200,"Ednor Gardens - Lakeside, Baltimore, MD",0.841
24031701423,"Silver Spring, MD",0.8409
24025301602,"Edgewood, MD",0.8406
24027602305,"Ellicott City, MD",0.8406
24031701420,"Silver Spring, MD",0.8401
24005408601,"Lutherville-Timonium, MD",0.8398
24033800408,"Glenn Dale, MD",0.8395
24510270502,"North Harford Road, Baltimore, MD",0.8394
24005441101,"Rosedale, MD",0.8392
24025303602,"Bel Air, MD",0.839
24025303206,"Bel Air, MD",0.8385
24005491201,"Towson, MD",0.8383
24027601105,"Ellicott City, MD",0.8381
24033800211,"Laurel, MD",0.838
24003731103,"Arnold, MD",0.8379
24027606606,"Long Reach, Columbia, MD",0.8377
24005411302,"White Marsh, MD",0.8372
24013514100,"Eldersburg, MD",0.8371
24005401101,"Woodlawn, MD",0.8371
24005402306,"Windsor Mill, Baltimore, MD",0.8369
24003751400,"Severn, MD",0.8368
24031701506,"Silver Spring, MD",0.8367
24005411407,"Parkville, MD",0.8365
24005420302,"Dundalk, MD",0.8364
24033800210,"Laurel, MD",0.8361
24005451803,"Middle River, MD",0.8356
24005491600,"Parkville, MD",0.8356
24025301704,"Belcamp, MD",0.8353
24003731310,"Green Haven, Pasadena, MD",0.8353
24510190300,"Mount Clare, Baltimore, MD",0.8352
24510260900,"Baltimore, MD",0.8352
24027605103,"Highland, MD",0.835
24510080101,"Belair - Edison, Baltimore, MD",0.835
24013504202,"Westminster, MD",0.8349
24005408100,"Sparks Glencoe, MD",0.8348
24027605601,"Hickory Ridge, Columbia, MD",0.8346
24005451802,"Middle River, MD",0.8345
24510280500,"Pleasant View Gardens, Baltimore, MD",0.8344
24005402603,"Randallstown, MD",0.8344
24005411309,"Perry Hall, MD",0.8344
24005420900,"Dundalk, MD",0.8342
24005401507,"Windsor Mill, Baltimore, MD",0.834
24031701507,"Silver Spring, MD",0.834
24025303700,"Bel Air, MD",0.834
24005404101,"Owings Mills, MD",0.834
24031701503,"Silver Spring, MD",0.8339
24510080700,"Broadway East, Baltimore, MD",0.8337
24510150800,"Garwyn Oaks, Baltimore, MD",0.8335
24005402506,"Randallstown, MD",0.8334
24003740201,"South Gate, Glen Burnie, MD",0.8333
24510150900,"Windsor Hills, Baltimore, MD",0.8332
24005440100,"Baltimore, MD",0.8331
24013505101,"Sykesville, MD",0.8329
24005410100,"Phoenix, MD",0.8327
24003702205,"Crofton, MD",0.8323
24025304202,"Forest Hill, MD",0.8322
24033807301,"College Park, MD",0.8322
24005450100,"Rosedale, MD",0.8318
24005400500,"Catonsville, MD",0.8318
24005440500,"Nottingham, MD",0.8317
24003731201,"Severna Park, MD",0.8317
24003740601,"Fort Meade, MD",0.8317
24005411409,"Nottingham, MD",0.8316
24510010200,"Patterson Park, Baltimore, MD",0.8316
24005490301,"Towson, MD",0.8315
24033800102,"Laurel, MD",0.8315
24003702209,"Crofton, MD",0.8314
24510160400,"Midtown Edmondson, Baltimore, MD",0.8314
24510270802,"Ramblewood, Baltimore, MD",0.8314
24510120400,"Barclay, Baltimore, MD",0.8313
24510130806,"Woodberry, Baltimore, MD",0.8311
24005440200,"Nottingham, MD",0.8311
24025303502,"Bel Air, MD",0.831
24033806706,"Greenbelt, MD",0.831
24510250402,"Brooklyn, Baltimore, MD",0.8309
24027606906,"Laurel, MD",0.8308
24003740305,"Odenton, MD",0.8307
24003702701,"Annapolis, MD",0.8306
24003731003,"Annapolis, MD",0.8304
24005402407,"Windsor Mill, Milford Mill, MD",0.83
24005451702,"Middle River, MD",0.8299
24005408507,"Cockeysville, MD",0.8299
24033800410,"Bowie, MD",0.8295
24005408200,"Cockeysville, MD",0.8294
24033800409,"Bowie, MD",0.8293
24510270803,"Loch Raven, Baltimore, MD",0.829
24033800214,"Laurel, MD",0.8289
24027606907,"Laurel, MD",0.8289
24003731309,"Riviera Beach, MD",0.8287
24013505206,"Marriottsville, MD",0.8287
24005401200,"Woodlawn, MD",0.8284
24031701410,"Burtonsville, MD",0.8284
24510280402,"Rognel Heights, Baltimore, MD",0.8283
24005430600,"Relay, Halethorpe, MD",0.8282
24031701505,"Silver Spring, MD",0.8279
24027602302,"Columbia, MD",0.8278
24027601108,"Ellicott City, MD",0.8276
24510271600,"Edgecomb, Baltimore, MD",0.8275
24005492002,"Parkville, MD",0.8275
24013507602,"Westminster, MD",0.8273
24005440400,"Baltimore, MD",0.8272
24005411202,"Glen Arm, MD",0.8268
24005490100,"Towson, MD",0.8261
24003731104,"Arnold, MD",0.8259
24005411306,"Nottingham, MD",0.8258
24027606704,"Owen Brown, Columbia, MD",0.8258
24027601103,"West Elkridge, Elkridge, MD",0.8256
24005411408,"Nottingham, MD",0.8256
24510270302,"Waltherson, Baltimore, MD",0.8254
24033806800,"Berwyn Heights, MD",0.8253
24005402403,"Gwynn Oak, Baltimore, MD",0.8252
24510270902,"Perring Loch, Baltimore, MD",0.8249
24033800403,"Bowie, MD",0.8249
24033800208,"Laurel, MD",0.8248
24003731303,"Pasadena, MD",0.8245
24003702206,"Crofton, MD",0.8245
24003730100,"Chestnut Hill Cove, Riviera Beach, MD",0.8243
24027604002,"Glenwood, MD",0.8242
24013505205,"Eldersburg, MD",0.8242
24005411201,"Baldwin, MD",0.8241
24005403402,"Pikesville, MD",0.8237
24003740602,"Fort Meade, MD",0.8234
24025302400,"Aberdeen, MD",0.8234
24025306500,"Aberdeen Proving Ground, MD",0.8234
24031701407,"Silver Spring, MD",0.8234
24005408303,"Reisterstown, MD",0.8232
24013507801,"Westminster, MD",0.8232
24510270301,"Lauraville, Baltimore, MD",0.8231
24025303801,"Bel Air, MD",0.8229
24025303603,"Bel Air, MD",0.8228
24005404800,"Reisterstown, MD",0.8228
24003730604,"Severna Park, MD",0.8226
24003730700,"Severna Park, MD",0.8225
24025303101,"Bel Air, MD",0.8225
24031701508,"Silver Spring, MD",0.8224
24025303606,"Bel Air, MD",0.8221
24033807000,"College Park, MD",0.8221
24027602100,"Ellicott City, MD",0.822
24005492001,"Parkville, MD",0.8219
24005403802,"Pikesville, MD",0.8216
24027603003,"West Friendship, MD",0.8213
24510260605,"Medford - Broening, Baltimore, MD",0.8211
24027605402,"Columbia, MD",0.8208
24027604001,"Woodbine, MD",0.8207
24005451100,"Essex, MD",0.8204
24003730601,"Millersville, MD",0.8203
24005402503,"Randallstown, MD",0.8202
24033800105,"Laurel, MD",0.8202
24005452400,"Dundalk, MD",0.8201
24029950200,"Worton, MD",0.82
24005411410,"Parkville, MD",0.8198
24510080302,"Berea, Baltimore, MD",0.8198
24005401301,"Woodlawn, MD",0.8197
24005410200,"Phoenix, MD",0.8195
24005450300,"Essex, MD",0.8195
24005402604,"Randallstown, MD",0.8194
24510100100,"Johnson Square, Baltimore, MD",0.8194
24003730901,"Annapolis, MD",0.8194
24025302200,"Aberdeen, MD",0.8191
24031701414,"Silver Spring, MD",0.819
24003730800,"Arnold, MD",0.8185
24005451900,"Edgemere, MD",0.8185
24510200701,"Allendale, Baltimore, MD",0.8181
24013504201,"Finksburg, MD",0.818
24005403300,"Lochearn, Pikesville, MD",0.8179
24031702000,"New Hampshire Estates, Silver Spring, MD",0.8178
24005401504,"Catonsville, MD",0.8177
24027605104,"Clarksville, MD",0.8176
24027606601,"Oakland Mills, Columbia, MD",0.8175
24005492102,"Parkville, MD",0.8173
24035810800,"Stevensville, MD",0.8172
24025301202,"Bel Air, MD",0.817
24510080102,"Belair - Edison, Baltimore, MD",0.8168
24033800411,"Glenn Dale, MD",0.8167
24025303802,"Bel Air, MD",0.8166
24510280401,"Baltimore, MD",0.8164
24003730300,"Glen Burnie, MD",0.8162
24003702208,"Crofton, MD",0.8162
24003740603,"Fort Meade, MD",0.8162
24025301702,"Belcamp, MD",0.8162
24005402404,"Gwynn Oak, Lochearn, MD",0.8161
24025301205,"Abingdon, MD",0.816
24025302801,"Aberdeen, MD",0.8159
24005408503,"Cockeysville, MD",0.8156
24005451701,"Middle River, MD",0.8156
24003740900,"Odenton, MD",0.8156
24027602900,"Normandy, Ellicott City, MD",0.8155
24025301201,"Harford County, MD",0.8154
24510070100,"Baltimore, MD",0.8154
24003730603,"Millersville, MD",0.8152
24005420402,"Dundalk, MD",0.8152
24033807404,"Beltsville, MD",0.8152
24027605504,"Clarksville, MD",0.8149
24510270903,"Hillen, Baltimore, MD",0.8146
24005420701,"Dundalk, MD",0.8145
24510270703,"North Harford Road, Baltimore, MD",0.8145
24025301102,"Bel Air, MD",0.8143
24005450200,"Essex, MD",0.8141
24005420301,"Dundalk, MD",0.8139
24003702402,"Annapolis, MD",0.8138
24005440800,"Rosedale, MD",0.8136
24005402505,"Randallstown, MD",0.8135
24013507702,"Westminster, MD",0.8135
24005450900,"Essex, MD",0.8134
24003740203,"Severn, MD",0.8134
24510090400,"Better Waverly, Baltimore, MD",0.8133
24003740303,"Severn, MD",0.8133
24005420600,"Baltimore, MD",0.8133
24005450400,"Essex, MD",0.8132
24005451000,"Essex, MD",0.8132
24005430400,"Halethorpe, MD",0.8129
24510280404,"Irvington, Baltimore, MD",0.8126
24027602800,"Ellicott City, MD",0.8124
24027601104,"Ellicott City, MD",0.8124
24510080600,"Broadway East, Baltimore, MD",0.8123
24025301204,"Abingdon, MD",0.8122
24033800212,"Laurel, MD",0.8119
24005408900,"Cockeysville, MD",0.8117
24005490200,"Lutherville-Timonium, MD",0.8115
24013509001,"Westminster, MD",0.811
24510270801,"Idlewood, Baltimore, MD",0.8106
24033800213,"Laurel, MD",0.8104
24003740500,"Laurel, MD",0.81
24005451300,"Middle River, MD",0.8097
24005402405,"Gwynn Oak, Baltimore, MD",0.8096
24510120201,"Baltimore, MD",0.8091
24031702102,"Woodmoor, Silver Spring, MD",0.8091
24510151100,"East Arlington, Baltimore, MD",0.8089
24005402305,"Lochearn, Pikesville, MD",0.8088
24033800108,"Laurel, MD",0.8088
24005403201,"Gwynn Oak, Lochearn, MD",0.8087
24003731105,"Arnold, MD",0.8086
24005491900,"Parkville, MD",0.8082
24510090100,"Ednor Gardens - Lakeside, Baltimore, MD",0.8081
24003740701,"Odenton, MD",0.8081
24027605503,"Harper's Choice, Columbia, MD",0.8081
24005440701,"Rosedale, MD",0.8079
24033807200,"College Park, MD",0.8076
24005490800,"Towson, MD",0.8075
24025301107,"Abingdon, MD",0.8074
24033807405,"Beltsville, MD",0.807
24005492402,"Owings Mills, MD",0.8067
24035810600,"Queenstown, MD",0.8067
24510270402,"Glenham-Belford, Baltimore, MD",0.8066
24510130803,"Medfield, Baltimore, MD",0.8066
24027602201,"Ellicott City, MD",0.8064
24003740304,"Odenton, MD",0.8063
24510120100,"Tuscany - Canterbury, Baltimore, MD",0.8061
24005401302,"Gwynn Oak, Baltimore, MD",0.8057
24510150500,"Burleith-Leighton, Baltimore, MD",0.8054
24003731311,"Green Haven, Pasadena, MD",0.8053
24031702900,"Silver Spring, MD",0.8053
24005404102,"Owings Mills, MD",0.8049
24005411102,"Kingsville, MD",0.8049
24005430200,"Lansdowne - Baltimore Highlands, Lansdowne, MD",0.8049
24013514201,"Sykesville, MD",0.8048
24005492200,"Parkville, MD",0.8047
24005408304,"Cockeysville, MD",0.8046
24510120300,"Harwood, Baltimore, MD",0.8046
24510260202,"Parkside, Baltimore, MD",0.8046
24033800203,"Laurel, MD",0.8046
24025303900,"Bel Air, MD",0.8045
24003751102,"Glen Burnie, MD",0.8043
24005441102,"Rosedale, MD",0.8041
24025301302,"Edgewood, MD",0.804
24003731204,"Pasadena, MD",0.8035
24003751200,"Linthicum Heights, MD",0.8034
24510280302,"West Forest Park, Baltimore, MD",0.8033
24510220100,"Baltimore, MD",0.8032
24005430800,"Halethorpe, MD",0.8032
24005450503,"Essex, MD",0.8031
24027606905,"Savage, Savage, MD",0.803
24005403601,"Baltimore, MD",0.8024
24005491402,"Parkville, MD",0.8023
24005404202,"Owings Mills, MD",0.802
24003731306,"Pasadena, MD",0.802
24005402302,"Windsor Mill, Milford Mill, MD",0.8017
24005403602,"Baltimore, MD",0.8016
24003730902,"Annapolis, MD",0.8016
24031701316,"Sandy Spring, Ashton-Sandy Spring, MD",0.8015
24005492401,"Owings Mills, MD",0.8014
24033807305,"Adelphi, MD",0.8007
24510261000,"Patterson Park, Baltimore, MD",0.8007
24005441000,"Baltimore, MD",0.8006
24510271400,"Evergreen, Baltimore, MD",0.8005
24027601107,"Waterloo, Elkridge, MD",0.8
24005451801,"Middle River, MD",0.7995
24033800209,"Laurel, MD",0.7993
24013505208,"Sykesville, MD",0.7992
24025301301,"Harford County, MD",0.7991
24005402303,"Windsor Mill, Baltimore, MD",0.7988
24005430700,"Halethorpe, MD",0.7988
24510180100,"Poppleton, Baltimore, MD",0.7987
24025303605,"Bel Air, MD",0.7987
24510260501,"Joseph Lee, Baltimore, MD",0.7987
24005490601,"Baltimore, MD",0.7985
24510240100,"Locust Point, Baltimore, MD",0.7979
24031703210,"Silver Spring, MD",0.7977
24031701509,"Silver Spring, MD",0.7976
24027606904,"Laurel, MD",0.7975
24510080500,"Darley Park, Baltimore, MD",0.7974
24510230200,"South Baltimore, Baltimore, MD",0.7972
24510280101,"Reisterstown Station, Baltimore, MD",0.7971
24003730203,"Glen Burnie, MD",0.797
24510280403,"Westgate, Baltimore, MD",0.7969
24003750803,"Glen Burnie, MD",0.7958
24003702204,"Crofton, MD",0.795
24003751000,"Glen Burnie, MD",0.7948
24033805601,"Hyattsville, MD",0.7948
24031702200,"Silver Spring, MD",0.7946
24003750300,"Linthicum Heights, MD",0.7945
24013507802,"Westminster, MD",0.7945
24003731307,"Pasadena, MD",0.7944
24005440600,"Rosedale, MD",0.7942
24003730401,"Glen Burnie, MD",0.7941
24510260203,"Frankford, Baltimore, MD",0.7938
24005408702,"Towson, MD",0.7935
24005430300,"Lansdowne - Baltimore Highlands, Halethorpe, MD",0.7935
24005420702,"Dundalk, MD",0.7932
24027602202,"Ellicott City, MD",0.793
24005420100,"Dundalk, MD",0.7928
24510240200,"Riverside, Baltimore, MD",0.7928
24005421101,"Baltimore, MD",0.7924
24510271503,"Cross Keys, Baltimore, MD",0.7924
24003730402,"Glen Burnie, MD",0.7924
24033805907,"Hyattsville, MD",0.7917
24025301703,"Abingdon, MD",0.7915
24005408800,"Lutherville-Timonium, MD",0.7912
24005491202,"Towson, MD",0.7906
24031701418,"Silver Spring, MD",0.7903
24510250204,"Cherry Hill, Baltimore, MD",0.79
24003750900,"Glen Burnie, MD",0.7898
24510250206,"Morrell Park, Baltimore, MD",0.7891
24510250102,"Yale Heights, Baltimore, MD",0.7891
24005408302,"Lutherville-Timonium, MD",0.789
24510280102,"Gwynn Oak, Baltimore, MD",0.7888
24510010400,"Canton, Baltimore, MD",0.7886
24005450800,"Essex, MD",0.7886
24003706600,"Annapolis, MD",0.7883
24005452500,"Dundalk, MD",0.7874
24510090900,"Oliver, Baltimore, MD",0.7874
24005451401,"Middle River, MD",0.7872
24025303205,"Forest Hill, MD",0.7871
24033806900,"Hollywood, College Park, MD",0.7868
24510090700,"Coldstream - Homestead - Montebello, Baltimore, MD",0.7868
24005408506,"Cockeysville, MD",0.7868
24510080400,"Broadway East, Baltimore, MD",0.7863
24510110200,"Downtown, Baltimore, MD",0.7861
24031702301,"Silver Spring, MD",0.786
24510151000,"Dorchester, Baltimore, MD",0.7857
24510271802,"Langston Hughes, Baltimore, MD",0.7857
24025302902,"Aberdeen, MD",0.7856
24033800109,"Laurel, MD",0.7848
24003751500,"Laurel, MD",0.7842
24005490703,"Towson, MD",0.7842
24510270701,"Harford - Echodale - Perring Parkway, Baltimore, MD",0.7841
24003702702,"Annapolis, MD",0.7832
24005421000,"Dundalk, MD",0.7828
24003702100,"Crownsville, MD",0.7827
24510160801,"Edmondson, Baltimore, MD",0.7826
24005430104,"Lansdowne - Baltimore Highlands, Halethorpe, MD",0.7825
24005402509,"Owings Mills, MD",0.7825
24510271001,"Baltimore, MD",0.782
24510270401,"Glenham-Belford, Baltimore, MD",0.7819
24005420800,"Dundalk, MD",0.7818
24510150400,"Mondawmin, Baltimore, MD",0.7818
24510080200,"Broadway East, Baltimore, MD",0.7815
24003730505,"South Gate, Glen Burnie, MD",0.7808
24005430900,"Baltimore, MD",0.7805
24005402201,"Randallstown, MD",0.7803
24027606707,"Columbia, MD",0.7803
24031701417,"Silver Spring, MD",0.7801
24510260302,"Belair - Edison, Baltimore, MD",0.7798
24003741000,"Severn, MD",0.7796
24510090500,"Better Waverly, Baltimore, MD",0.7794
24013504100,"Finksburg, MD",0.7793
24510250401,"Brooklyn, Baltimore, MD",0.7793
24005440702,"Rosedale, MD",0.7789
24005400600,"Catonsville, MD",0.7785
24510170300,"Upton, Baltimore, MD",0.7784
24510270501,"Woodring, Baltimore, MD",0.7783
24005450504,"Essex, MD",0.778
24510260301,"Belair - Edison, Baltimore, MD",0.7777
24510150701,"Hanlon Longwood, Baltimore, MD",0.7774
24510150702,"Walbrook, Baltimore, MD",0.7773
24005402504,"Randallstown, MD",0.7772
24033807410,"Beltsville, MD",0.7772
24510090600,"Coldstream - Homestead - Montebello, Baltimore, MD",0.7763
24027601204,"Elkridge, MD",0.776
24510230300,"South Baltimore, Baltimore, MD",0.7756
24005490400,"Towson, MD",0.775
24005402602,"Randallstown, MD",0.7747
24510260101,"Cedmont, Baltimore, MD",0.7743
24005490500,"Towson, MD",0.7741
24005401102,"Gwynn Oak, Woodlawn, MD",0.7738
24510120202,"Baltimore, MD",0.7729
24003740102,"Hanover, MD",0.7725
24510070300,"Milton - Montford, Baltimore, MD",0.7723
24005420401,"Dundalk, MD",0.7716
24510120500,"Greenmount West, Baltimore, MD",0.7714
24510240400,"Riverside Park, Baltimore, MD",0.7712
24510250301,"Westport, Baltimore, MD",0.7702
24510140100,"Bolton Hill, Baltimore, MD",0.7701
24005490900,"Towson, MD",0.77
24510270805,"Mid-Govans, Baltimore, MD",0.7695
24510130300,"Penn North, Baltimore, MD",0.7687
24005403500,"Pikesville, MD",0.7685
24510200100,"Lexington, Baltimore, MD",0.7681
24510150200,"Sandtown-Winchester, Baltimore, MD",0.7678
24005400701,"Catonsville, MD",0.7678
24027601203,"Elkridge, MD",0.7677
24005400100,"Catonsville, MD",0.7676
24031701422,"Silver Spring, MD",0.7673
24005421102,"Dundalk, MD",0.7665
24005402406,"Windsor Mill, Milford Mill, MD",0.7658
24033806714,"Greenbelt, MD",0.7646
24003750202,"Brooklyn Park, MD",0.7643
24005450501,"Essex, MD",0.7634
24005451402,"Middle River, MD",0.7632
24510160600,"Mosher, Baltimore, MD",0.7621
24510260403,"Cedonia, Baltimore, MD",0.7618
24013514202,"Eldersburg, MD",0.7611
24510280301,"Gwynn Oak, Baltimore, MD",0.7604
24510160802,"Edmondson, Baltimore, MD",0.76
24005430101,"Lansdowne - Baltimore Highlands, Lansdowne, MD",0.7599
24025301402,"Harford County, MD",0.7594
24510190100,"Franklin Square, Baltimore, MD",0.7586
24005403202,"Gwynn Oak, Baltimore, MD",0.758
24003750101,"Brooklyn Park, MD",0.7576
24005452300,"Baltimore, MD",0.7563
24510070200,"Madison - Eastend, Baltimore, MD",0.7556
24029950500,"Rock Hall, MD",0.7553
24005491100,"Baltimore, MD",0.7539
24510090800,"East Baltimore Midway, Baltimore, MD",0.7536
24510250500,"Curtis Bay, Baltimore, MD",0.7532
24510200800,"Irvington, Baltimore, MD",0.7529
24510260700,"Fifteenth Street, Baltimore, MD",0.7527
24510250103,"Violetville, Baltimore, MD",0.7526
24510130700,"Hampden, Baltimore, MD",0.7523
24510030200,"Little Italy, Baltimore, MD",0.7517
24005421200,"Dundalk, MD",0.7506
24510180300,"Hollins Market, Baltimore, MD",0.7491
24003750102,"Baltimore, MD",0.7487
24510170200,"McCulloh Homes, Baltimore, MD",0.7483
24510060200,"Baltimore, MD",0.7481
24003750203,"Baltimore, MD",0.7427
24510210200,"Pigtown, Baltimore, MD",0.7423
24510271900,"Glen, Baltimore, MD",0.7394
24005451500,"Middle River, MD",0.7389
24510271700,"Central Park Heights, Baltimore, MD",0.7389
24031701702,"Takoma Park, MD",0.7375
24510160700,"Rosemont, Baltimore, MD",0.7365
24031702401,"Silver Spring, MD",0.7363
24510250205,"Lakeland, Baltimore, MD",0.7362
24510270804,"Lake Walker, Baltimore, MD",0.7354
24510250303,"Morrell Park, Baltimore, MD",0.7354
24510272004,"Cheswolde, Baltimore, MD",0.7338
24510160500,"Bridgeview-Greenlawn, Baltimore, MD",0.7336
24510200200,"Lexington, Baltimore, MD",0.7327
24510080301,"Berea, Baltimore, MD",0.7326
24510060100,"Patterson Park, Baltimore, MD",0.7316
24510260303,"Claremont - Freedom, Baltimore, MD",0.7311
24510180200,"Poppleton, Baltimore, MD",0.7303
24005492300,"Essex, MD",0.7284
24510151300,"Central Park Heights, Baltimore, MD",0.7277
24031703208,"Silver Spring, MD",0.7273
24510130200,"Reservoir Hill, Baltimore, MD",0.7197
24510271102,"Mid-Charles, Baltimore, MD",0.7178
24510150100,"Sandtown-Winchester, Baltimore, MD",0.7162
24510271101,"Radnor - Winston, Baltimore, MD",0.7157
24033805906,"Adelphi, MD",0.7136
24510060400,"Baltimore, MD",0.7107
24510200600,"Baltimore, MD",0.7098
24510260401,"Armistead Gardens, Baltimore, MD",0.7088
24510130804,"Hampden, Baltimore, MD",0.7063
24005420303,"Dundalk, MD",0.7055
24510160200,"Sandtown-Winchester, Baltimore, MD",0.7046
24005403702,"Pikesville, MD",0.7045
24031701900,"Takoma Park, MD",0.7012
24510150300,"Coppin Heights, Baltimore, MD",0.7
24510120700,"Remington, Baltimore, MD",0.6978
24005421300,"Dundalk, MD",0.6953
24031702402,"Silver Spring, MD",0.6949
24510200300,"Bentalou-Smallwood, Baltimore, MD",0.6946
24510272005,"Cross Country, Baltimore, MD",0.6879
24510080800,"Broadway East, Baltimore, MD",0.6874
24510272003,"Baltimore, MD",0.6856
24510210100,"Pigtown, Baltimore, MD",0.685
24510070400,"Gay Street, Baltimore, MD",0.6834
24510120600,"Old Goucher, Baltimore, MD",0.6804
24510160100,"Harlem Park, Baltimore, MD",0.6732
24510020200,"Upper Fells Point, Baltimore, MD",0.6729
24510100200,"Baltimore, MD",0.6669
24510272006,"Glen, Baltimore, MD",0.6667
24510260604,"O'Donnell Heights, Baltimore, MD",0.6652
24510140200,"Upton, Baltimore, MD",0.6629
24510260404,"Baltimore Highlands, Baltimore, MD",0.6608
24510230100,"Baltimore, MD",0.6461
24510272007,"Fallstaff, Baltimore, MD",0.6424
24510200500,"Mill Hill, Baltimore, MD",0.6394
24510240300,"Riverside, Baltimore, MD",0.6289
24510140300,"Druid Heights, Baltimore, MD",0.6122
24510110100,"Downtown, Baltimore, MD",0.5993
24510190200,"Pratt Monroe, Baltimore, MD",0.5969
24510130100,"Reservoir Hill, Baltimore, MD",0.5828
24005492500,"Baltimore, MD",
24005490605,"Towson, MD",
24510250600,"Brooklyn, Baltimore, MD",
24005980200,"Lansdowne - Baltimore Highlands, Halethorpe, MD",
24510100300,"Penn - Fallsway, Baltimore, MD",
24003740400,"Jessup, MD",
24003980000,"Linthicum Heights, MD",