"tract","Name","Employment_Rate_rP_gP_pall"
17031070103,"Lincoln Park, Chicago, IL",0.9356
17043845808,"Woodridge, IL",0.8733
17031061100,"Wrigleyville, Chicago, IL",0.8732
17031060300,"Lake View, Chicago, IL",0.8678
17031090200,"Edison Park, Chicago, IL",0.8655
17031090300,"Edison Park, Chicago, IL",0.8654
17043844802,"Downers Grove, IL",0.8635
17197881002,"Lockport, IL",0.8624
17031770202,"Elk Grove Village, IL",0.8609
17197881011,"Homer Glen, IL",0.8601
17043845802,"Darien, IL",0.8594
17043845703,"Downers Grove, IL",0.8591
17031819801,"Western Springs, IL",0.8588
17031740200,"Mount Greenwood, Chicago, IL",0.8584
17031824115,"Orland Park, IL",0.8582
17043845702,"Downers Grove, IL",0.8567
17031805502,"Park Ridge, IL",0.8564
17031411100,"Hyde Park, Chicago, IL",0.8553
17043843000,"Elmhurst, IL",0.8551
17043844002,"Elmhurst, IL",0.8531
17031090100,"Edison Park, Chicago, IL",0.8521
17031750300,"South Side, Chicago, IL",0.8519
17031770601,"Des Plaines, IL",0.8516
17031806102,"Des Plaines, IL",0.848
17031823903,"Palos Park, IL",0.8471
17031822601,"Oak Lawn, IL",0.8471
17031824503,"Midlothian, IL",0.8462
17031120100,"Forest Glen, Chicago, IL",0.8461
17043845000,"Westmont, IL",0.846
17031808302,"Morton Grove, IL",0.8454
17031822802,"Oak Lawn, IL",0.8449
17031819700,"La Grange, IL",0.8446
17031070200,"Lincoln Park, Chicago, IL",0.8444
17031720300,"South Side, Chicago, IL",0.8441
17031823605,"Palos Heights, IL",0.8432
17031740300,"South Side, Chicago, IL",0.8432
17031821900,"Evergreen Park, IL",0.8431
17031824107,"Orland Park, IL",0.8426
17043840202,"Addison, IL",0.8423
17031819802,"Western Springs, IL",0.842
17031823604,"Palos Heights, IL",0.8419
17031818100,"Westchester, IL",0.8419
17031823102,"Worth, IL",0.8415
17031100500,"Norwood Park, Chicago, IL",0.8413
17043844501,"Villa Park, IL",0.8408
17031812200,"Oak Park, IL",0.8407
17031821800,"Evergreen Park, IL",0.8406
17031720600,"South Side, Chicago, IL",0.8405
17031818200,"Westchester, IL",0.8399
17031818401,"Hillside, IL",0.8395
17031770901,"Harwood Heights, IL",0.8383
17031700502,"Ashburn, Chicago, IL",0.8375
17031818600,"La Grange Park, IL",0.8374
17031823801,"Palos Park, IL",0.8368
17031812400,"Oak Park, IL",0.8367
17031100700,"Norwood Park, Chicago, IL",0.8365
17031824505,"Oak Forest, IL",0.8362
17043845507,"Darien, IL",0.8358
17031806600,"Des Plaines, IL",0.8357
17031071700,"Lincoln Park, Chicago, IL",0.8356
17031071300,"Lincoln Park, Chicago, IL",0.8353
17031812100,"Oak Park, IL",0.8351
17031810900,"Elmwood Park, IL",0.8345
17043843602,"Lombard, IL",0.8345
17031100400,"Norwood Park, Chicago, IL",0.8341
17043844801,"Downers Grove, IL",0.834
17031815600,"North Riverside, IL",0.8339
17031824113,"Orland Park, IL",0.8339
17031815000,"Berwyn, IL",0.8335
17031561100,"South Side, Chicago, IL",0.8327
17031820101,"Indian Head Park, IL",0.8326
17031805501,"Park Ridge, IL",0.8321
17031805112,"Des Plaines, IL",0.8319
17031640500,"South Side, Chicago, IL",0.8318
17031805600,"Park Ridge, IL",0.8316
17031824506,"Oak Forest, IL",0.8313
17031806400,"Des Plaines, IL",0.8311
17043845509,"Westmont, IL",0.8309
17031824602,"Oak Forest, IL",0.8309
17031824006,"Lemont, IL",0.8308
17031770300,"Elk Grove Village, IL",0.8306
17031824003,"Lemont, IL",0.8306
17031804902,"Des Plaines, IL",0.8306
17031805802,"Park Ridge, IL",0.8305
17043845807,"Downers Grove, IL",0.8303
17197881005,"Lockport, IL",0.8301
17031824601,"Midlothian, IL",0.8301
17031816800,"Berkeley, IL",0.8297
17031823002,"Chicago Ridge, IL",0.8296
17043845810,"Darien, IL",0.8293
17031824105,"Orland Park, IL",0.8289
17031720200,"Beverly, Chicago, IL",0.8287
17031820201,"Burr Ridge, IL",0.8285
17031805701,"Park Ridge, IL",0.8284
17031650500,"South Side, Chicago, IL",0.8283
17031823602,"Crestwood, IL",0.8281
17031815400,"Berwyn, IL",0.828
17031823704,"Hickory Hills, IL",0.8276
17043844901,"Downers Grove, IL",0.8274
17031100200,"Norwood Park, Chicago, IL",0.8274
17043840802,"Bensenville, IL",0.8273
17031818300,"Hillside, IL",0.8263
17043843800,"Villa Park, IL",0.8261
17031807600,"Skokie, IL",0.8258
17031805401,"Niles, IL",0.8257
17031050600,"North Center, Chicago, IL",0.8255
17043843900,"Elmhurst, IL",0.8253
17031550200,"South Side, Chicago, IL",0.8252
17031824004,"Lemont, IL",0.825
17031051300,"North Center, Chicago, IL",0.825
17031805901,"Cook County, IL",0.8249
17031806502,"Des Plaines, IL",0.8248
17031827801,"South Holland, IL",0.8245
17043842800,"Elmhurst, IL",0.8245
17031063100,"Lake View East, Chicago, IL",0.8242
17197881012,"Lockport, IL",0.8242
17031811401,"Franklin Park, IL",0.8236
17031480200,"South Side, Chicago, IL",0.8236
17031810301,"Evanston, IL",0.8235
17031770201,"Elk Grove Village, IL",0.8235
17031818402,"Westchester, IL",0.8231
17031818800,"Brookfield, IL",0.8231
17031805702,"Park Ridge, IL",0.8228
17031070101,"Lincoln Park, Chicago, IL",0.8227
17031071000,"Lincoln Park, Chicago, IL",0.8222
17031824702,"Midlothian, IL",0.822
17043843301,"Lombard, IL",0.822
17031823304,"Merrionette Park, IL",0.8217
17031806202,"Des Plaines, IL",0.8215
17031824106,"Orland Park, IL",0.8213
17031823400,"Blue Island, IL",0.8209
17043840304,"Addison, IL",0.8209
17031812302,"Oak Park, IL",0.8208
17031063303,"Lake View East, Chicago, IL",0.8206
17031480100,"Calumet Heights, Chicago, IL",0.8199
17031561000,"South Side, Chicago, IL",0.8197
17043845704,"Downers Grove, IL",0.8196
17031062600,"West Lakeview, Chicago, IL",0.8195
18089040100,"Whiting, IN",0.8188
17043840600,"Elmhurst, IL",0.8188
17031822602,"Oak Lawn, IL",0.8183
17031824114,"Orland Park, IL",0.8178
17031170300,"Dunning, Chicago, IL",0.8177
17031822702,"Oak Lawn, IL",0.8176
17031390600,"Kenwood, Chicago, IL",0.8173
17031560900,"South Side, Chicago, IL",0.8172
17031820700,"Berwyn, IL",0.8172
18089030700,"East Chicago, IN",0.8172
17031807500,"Skokie, IL",0.8171
17031821700,"Evergreen Park, IL",0.817
17031812802,"Oak Park, IL",0.8166
17043844602,"Elmhurst, IL",0.8166
17031750200,"South Side, Chicago, IL",0.8165
17031811800,"Northlake, IL",0.8158
17031821102,"Oak Lawn, IL",0.8158
17031750400,"Kennedy Park, Chicago, IL",0.8158
17031240500,"West Town, Chicago, IL",0.8158
17031805902,"Niles, IL",0.8157
17043843400,"Lombard, IL",0.8157
17031820104,"Countryside, IL",0.8157
17031818900,"La Grange Park, IL",0.8156
17043845200,"Hinsdale, IL",0.8152
17031100300,"Norwood Park, Chicago, IL",0.8151
17043840703,"Bensenville, IL",0.8149
17031640100,"South Side, Chicago, IL",0.8143
17197881001,"Lockport, IL",0.8139
17031812000,"River Forest, IL",0.8134
17031842000,"Bronzeville, Chicago, IL",0.8133
18089030500,"East Chicago, IN",0.8129
17031823705,"Hickory Hills, IL",0.8128
17043844201,"Lombard, IL",0.8126
18089020100,"Whiting, IN",0.8126
17031050900,"North Center, Chicago, IL",0.8125
17031170600,"Dunning, Chicago, IL",0.8125
17031063000,"Lake View, Chicago, IL",0.8125
17031691000,"South Side, Chicago, IL",0.8123
17031819000,"La Grange Park, IL",0.8122
17031812900,"Oak Park, IL",0.8121
17031822000,"Hometown, IL",0.8121
17031120200,"Edgebrook, Chicago, IL",0.812
17031700302,"Ashburn, Chicago, IL",0.812
17031061000,"Lake View, Chicago, IL",0.8119
17043845701,"Downers Grove, IL",0.8119
17043844100,"Elmhurst, IL",0.8118
17031815800,"Hollywood, Brookfield, IL",0.8118
17031740400,"Mount Greenwood, Chicago, IL",0.8114
17031805801,"Park Ridge, IL",0.8113
17043843100,"Villa Park, IL",0.8112
17031813200,"Oak Park, IL",0.8108
17031807400,"Skokie, IL",0.8106
17043846702,"Addison, IL",0.8106
17043844902,"Downers Grove, IL",0.8103
17043843200,"Villa Park, IL",0.8103
17043845510,"Westmont, IL",0.8102
17031110100,"Jefferson Park, Chicago, IL",0.8102
17031823200,"Alsip, IL",0.8101
17043844401,"Downers Grove, IL",0.8101
17031720100,"Beverly, Chicago, IL",0.81
17031030800,"Edgewater, Chicago, IL",0.8099
17031243100,"West Town, Chicago, IL",0.8098
17031720400,"South Side, Chicago, IL",0.8097
17031822500,"Oak Lawn, IL",0.8096
17031050200,"North Center, Chicago, IL",0.8096
17031810400,"Park Ridge, IL",0.8095
17031815300,"Chicago, IL",0.8095
17031821600,"Evergreen Park, IL",0.8095
17031620200,"South Side, Chicago, IL",0.8094
17031071200,"Lincoln Park, Chicago, IL",0.8094
17031806201,"Des Plaines, IL",0.8091
17031819600,"La Grange, IL",0.8091
17043845100,"Clarendon Hills, IL",0.8091
17031170700,"Belmont Heights, Chicago, IL",0.809
17031806003,"Des Plaines, IL",0.8088
17031826303,"Dolton, IL",0.8087
17031839800,"Bridgeport, Chicago, IL",0.8083
17043845505,"Darien, IL",0.808
17031818000,"Broadview, IL",0.8079
17031841100,"Armour Square, Chicago, IL",0.8078
17043844601,"Oak Brook, IL",0.8073
17031190701,"Belmont Cragin, Chicago, IL",0.8073
17031062400,"Lake View, Chicago, IL",0.8069
17031816200,"Melrose Park, IL",0.8069
17031822101,"Oak Lawn, IL",0.8068
17031340400,"Armour Square, Chicago, IL",0.8066
17031816300,"Melrose Park, IL",0.8066
17031822701,"Oak Lawn, IL",0.8065
17031570200,"Archer Heights, Chicago, IL",0.8065
17031840000,"Bridgeport, Chicago, IL",0.8063
17043845602,"Downers Grove, IL",0.8061
17031826402,"Dolton, IL",0.8059
17031824116,"Orland Park, IL",0.8058
17031110501,"Jefferson Park, Chicago, IL",0.8057
17031740100,"South Side, Chicago, IL",0.8054
17043845901,"Burr Ridge, IL",0.8052
17031241200,"West Town, Chicago, IL",0.8051
17043845300,"Hinsdale, IL",0.8051
17031600600,"Bridgeport, Chicago, IL",0.8051
17031807800,"Skokie, IL",0.8043
17031813900,"Cicero, IL",0.8042
17043845811,"Willowbrook, IL",0.8042
17031520300,"East Side, Chicago, IL",0.8042
17031823805,"Palos Hills, IL",0.804
17031808301,"Morton Grove, IL",0.804
17031826304,"Dolton, IL",0.804
17031170900,"Belmont Heights, Chicago, IL",0.8036
17031760802,"O'Hare, Chicago, IL",0.8035
17043843302,"Lombard, IL",0.8035
17031150600,"Portage Park, Chicago, IL",0.8034
17197881006,"Orland Park, IL",0.8034
17031816500,"Stone Park, IL",0.8033
17031823901,"Palos Park, IL",0.8033
17043845809,"Downers Grove, IL",0.8032
17043846604,"Addison, IL",0.8031
17043845402,"Hinsdale, IL",0.8029
17031250500,"Austin, Chicago, IL",0.8028
17031060400,"Lake View, Chicago, IL",0.8027
17031283100,"University Village / Little Italy, Chicago, IL",0.8023
17031822801,"Oak Lawn, IL",0.8022
17031823303,"Chicago, IL",0.8021
17031819400,"Brookfield, IL",0.802
17031816100,"Forest Park, IL",0.8019
17031822200,"Oak Lawn, IL",0.8015
17031650301,"South Side, Chicago, IL",0.8015
17031811500,"Franklin Park, IL",0.8014
17031410200,"Hyde Park, Chicago, IL",0.8012
17031820901,"Burbank, IL",0.801
17031807900,"Lincolnwood, IL",0.8009
17031720500,"South Side, Chicago, IL",0.8006
17031825000,"Oak Forest, IL",0.7994
17031120300,"Forest Glen, Chicago, IL",0.7993
17031818500,"Westchester, IL",0.7991
17031805111,"Des Plaines, IL",0.7989
17031350100,"Bronzeville, Chicago, IL",0.7989
17031815702,"Riverside, IL",0.7989
17031810302,"Evanston, IL",0.7987
17031823904,"Palos Heights, IL",0.7987
17031640300,"Clearing, Chicago, IL",0.7985
17031640400,"South Side, Chicago, IL",0.7985
17031821002,"Burbank, IL",0.7984
17043845902,"Burr Ridge, IL",0.7983
17043844402,"Oak Brook, IL",0.7983
17043843601,"Lombard, IL",0.7982
17031040401,"Lincoln Square, Chicago, IL",0.7982
17031808200,"Niles, IL",0.7981
17031440700,"South Side, Chicago, IL",0.7979
17031700501,"South Side, Chicago, IL",0.7978
17031815500,"Berwyn, IL",0.7978
17031813000,"Oak Park, IL",0.7977
17031824701,"Midlothian, IL",0.7977
17031821200,"Blue Island, IL",0.7975
17031150401,"Portage Park, Chicago, IL",0.7974
17043843500,"Lombard, IL",0.7974
18089030100,"East Chicago, IN",0.7974
17031805402,"Niles, IL",0.7971
17031814400,"Cicero, IL",0.797
17031823302,"Chicago, IL",0.7969
17031050500,"North Center, Chicago, IL",0.7968
17031813100,"Oak Park, IL",0.7965
17031822900,"Bridgeview, IL",0.7965
18089030900,"East Chicago, IN",0.7965
17031100600,"Norwood Park, Chicago, IL",0.7964
17031815100,"Berwyn, IL",0.7963
17031823702,"Palos Hills, IL",0.7963
17043845601,"Downers Grove, IL",0.7961
17031811701,"Melrose Park, IL",0.7959
17031730100,"South Side, Chicago, IL",0.7958
17031170500,"Dunning, Chicago, IL",0.7958
17031817900,"Broadview, IL",0.7953
17043844001,"Elmhurst, IL",0.7952
17031813500,"Cicero, IL",0.7951
17031822400,"Oak Lawn, IL",0.7951
17031620300,"South Side, Chicago, IL",0.795
17031821101,"Burbank, IL",0.7948
17031812801,"Oak Park, IL",0.7948
17031817300,"Maywood, IL",0.7948
17031814000,"Cicero, IL",0.7947
17031220500,"Logan Square, Chicago, IL",0.7943
17031817000,"Bellwood, IL",0.7942
17043845805,"Burr Ridge, IL",0.7941
17043843700,"Villa Park, IL",0.794
17031815701,"Riverside, IL",0.7939
17031826401,"Dolton, IL",0.7938
17031825803,"Calumet City, IL",0.7936
17031805002,"Mount Prospect, IL",0.7936
17031050300,"North Center, Chicago, IL",0.7932
17031040100,"Lincoln Square, Chicago, IL",0.793
17031807300,"Skokie, IL",0.7928
17031820103,"La Grange, IL",0.7928
17043840201,"Itasca, IL",0.7928
18089020300,"Hammond, IN",0.7927
17031140702,"Albany Park, Chicago, IL",0.7927
17031650302,"South Side, Chicago, IL",0.7927
17031811402,"Franklin Park, IL",0.7926
17031340300,"South Side, Chicago, IL",0.7926
17031250400,"Austin, Chicago, IL",0.7926
17031840200,"Bridgeport, Chicago, IL",0.7925
17043840706,"Elmhurst, IL",0.7924
17043840103,"Wood Dale, IL",0.7922
17031822301,"Oak Lawn, IL",0.7921
17031700402,"Ashburn, Chicago, IL",0.7919
17031411200,"Hyde Park, Chicago, IL",0.7919
17031811200,"River Grove, IL",0.7919
17031820000,"Hinsdale, IL",0.7918
17031210900,"Avondale, Chicago, IL",0.7918
17043844301,"Lombard, IL",0.7917
17031824005,"Lemont, IL",0.7915
17031580700,"Brighton Park, Chicago, IL",0.7915
17031480400,"Calumet Heights, Chicago, IL",0.7914
17031826100,"Calumet City, IL",0.7912
17031811900,"River Forest, IL",0.7911
17031210800,"Avondale, Chicago, IL",0.791
17043844305,"Lombard, IL",0.791
17031150502,"Portage Park, Chicago, IL",0.791
17031250600,"Austin, Chicago, IL",0.7909
17031808001,"Lincolnwood, IL",0.7909
17031817400,"Maywood, IL",0.7906
17031301801,"Little Village, Chicago, IL",0.7904
17031821402,"Calumet Park, IL",0.7904
17031819900,"Western Springs, IL",0.7904
17031520100,"East Side, Chicago, IL",0.7904
17031210700,"Avondale, Chicago, IL",0.7903
17031806300,"Des Plaines, IL",0.7902
17043840102,"Wood Dale, IL",0.7901
17031410800,"Hyde Park, Chicago, IL",0.7898
17031230800,"Humboldt Park, Chicago, IL",0.7897
17031640600,"South Side, Chicago, IL",0.7897
17031843900,"South Side, Chicago, IL",0.7895
17043840303,"Addison, IL",0.7894
17031823001,"Chicago Ridge, IL",0.7894
17031040201,"Lincoln Square, Chicago, IL",0.7894
17031823101,"Worth, IL",0.7891
17031811301,"Melrose Park, IL",0.789
17031560100,"South Side, Chicago, IL",0.789
17043842900,"Elmhurst, IL",0.7888
17031819200,"Lyons, IL",0.7888
17031140301,"Albany Park, Chicago, IL",0.7884
17031811000,"Elmwood Park, IL",0.7882
17031160700,"Irving Park East, Chicago, IL",0.7882
17031826301,"South Holland, IL",0.7881
17031222600,"Logan Square, Chicago, IL",0.7881
17031530300,"South Side, Chicago, IL",0.7877
17031720700,"Beverly, Chicago, IL",0.7876
17031030900,"Edgewater, Chicago, IL",0.7875
17031610800,"Canaryville, Chicago, IL",0.7875
17031062000,"Boystown, Chicago, IL",0.7873
17031120400,"Forest Glen, Chicago, IL",0.7873
17031200200,"Belmont Gardens, Chicago, IL",0.7871
17031210400,"Avondale, Chicago, IL",0.7869
17043844702,"Hinsdale, IL",0.7868
17031630900,"Gage Park, Chicago, IL",0.7868
17031811702,"Melrose Park, IL",0.7868
17031770700,"Rosemont, IL",0.7866
17031700401,"South Side, Chicago, IL",0.7864
17031820501,"Bridgeview, IL",0.7861
17031840300,"McKinley Park, Chicago, IL",0.7859
17043840000,"Bensenville, IL",0.7856
17031770902,"Chicago, IL",0.7854
18089021000,"Hammond, IN",0.7853
17031060900,"Lake View East, Chicago, IL",0.7852
17043840104,"Addison, IL",0.7852
17031200300,"Hermosa, Chicago, IL",0.7851
17031843200,"Heart of Chicago, Chicago, IL",0.785
17031222500,"Logan Square, Chicago, IL",0.7849
17031190900,"Belmont Cragin, Chicago, IL",0.7845
17031842300,"West Town, Chicago, IL",0.7845
17031160400,"Irving Park, Chicago, IL",0.7844
17031590500,"South Side, Chicago, IL",0.7844
17031820902,"Burbank, IL",0.7843
18089020600,"Hammond, IN",0.7843
17031842400,"South Side, Chicago, IL",0.7839
17031770400,"Elk Grove Village, IL",0.7834
17031270500,"Garfield Park, Chicago, IL",0.7833
17031811600,"Schiller Park, IL",0.7827
17031820400,"Summit, IL",0.7826
17031661100,"South Side, Chicago, IL",0.7825
17031600400,"Bridgeport, Chicago, IL",0.7824
17031061901,"Lake View East, Chicago, IL",0.7824
17031810502,"Norridge, IL",0.7822
17043846603,"Addison, IL",0.7821
17031825801,"Calumet City, IL",0.782
17031806002,"Des Plaines, IL",0.782
17043846701,"Addison, IL",0.7818
17031340500,"Armour Square, Chicago, IL",0.7816
17043845506,"Westmont, IL",0.7816
17031671900,"Englewood, Chicago, IL",0.7813
17031839700,"Bridgeport, Chicago, IL",0.7812
17031825900,"Calumet City, IL",0.7811
17031560800,"Garfield Ridge, Chicago, IL",0.7811
17031040300,"Budlong Woods, Chicago, IL",0.7809
17031807200,"Skokie, IL",0.7808
17031821001,"Burbank, IL",0.7808
17031520200,"East Side, Chicago, IL",0.7808
17031816900,"Bellwood, IL",0.7807
17031832500,"Lincoln Park, Chicago, IL",0.7807
17031230200,"Humboldt Park, Chicago, IL",0.7807
17031822302,"Oak Lawn, IL",0.7806
17031814500,"Cicero, IL",0.7806
17031490300,"South Side, Chicago, IL",0.7805
17031410100,"South Side, Chicago, IL",0.7804
17031061500,"Lake View, Chicago, IL",0.7802
17031711500,"Auburn Gresham, Chicago, IL",0.7801
17031160200,"Old Irving Park, Chicago, IL",0.7797
17031200100,"Belmont Gardens, Chicago, IL",0.7797
17031620100,"South Side, Chicago, IL",0.7796
17043844307,"Lombard, IL",0.7795
17031241500,"West Town, Chicago, IL",0.7794
17043840705,"Elmhurst, IL",0.7793
17031700301,"Ashburn, Chicago, IL",0.7792
17031150700,"Portage Park, Chicago, IL",0.7792
17031191000,"Belmont Cragin, Chicago, IL",0.7789
18089020200,"Whiting, IN",0.7788
17031814800,"Berwyn, IL",0.7788
18089030200,"East Chicago, IN",0.7788
17031530400,"South Side, Chicago, IL",0.7788
17031817101,"Bellwood, IL",0.7787
17031170800,"Belmont Heights, Chicago, IL",0.7785
17031650400,"South Side, Chicago, IL",0.7783
17031808100,"Niles, IL",0.7781
17031831700,"Old Irving Park, Chicago, IL",0.7779
17031241100,"Humboldt Park, Chicago, IL",0.7778
17031222800,"Logan Square, Chicago, IL",0.7777
17043840801,"Bensenville, IL",0.7777
17043845803,"Lemont, IL",0.7774
17031818700,"Brookfield, IL",0.7774
17031830900,"Logan Square, Chicago, IL",0.7774
17031842600,"South Side, Chicago, IL",0.7774
17031110200,"Gladstone Park, Chicago, IL",0.7773
17031050800,"North Center, Chicago, IL",0.7768
17031823500,"Blue Island, IL",0.7767
17031839900,"Bridgeport, Chicago, IL",0.7766
17031832000,"Lake View, Chicago, IL",0.7766
17031827000,"Harvey, IL",0.7765
17031220701,"Logan Square, Chicago, IL",0.7763
17031814300,"Cicero, IL",0.7762
17031150402,"Portage Park, Chicago, IL",0.7761
17031390700,"East Hyde Park, Chicago, IL",0.7757
17031240900,"West Town, Chicago, IL",0.7754
17031810800,"Elmwood Park, IL",0.7754
17031510100,"South Deering, Chicago, IL",0.7753
17031040600,"Lincoln Square, Chicago, IL",0.7751
17031010701,"Rogers Park, Chicago, IL",0.775
17031550100,"South Side, Chicago, IL",0.775
17031832300,"Bucktown, Chicago, IL",0.7749
17031140302,"Albany Park, Chicago, IL",0.7747
18089020400,"Hammond, IN",0.7747
17031150300,"Portage Park, Chicago, IL",0.7746
17031252102,"Austin, Chicago, IL",0.7742
17043845502,"Willowbrook, IL",0.7741
17031823803,"Palos Hills, IL",0.7739
17031170200,"Dunning, Chicago, IL",0.7739
17031191301,"Belmont Cragin, Chicago, IL",0.7738
17031071500,"Lincoln Park, Chicago, IL",0.7737
17031151001,"Cragin, Chicago, IL",0.7736
17043840101,"Wood Dale, IL",0.7736
18089030400,"East Chicago, IN",0.7735
17031130200,"North Park, Chicago, IL",0.7735
17031040402,"Lincoln Square, Chicago, IL",0.7735
17031100100,"Norwood Park, Chicago, IL",0.7735
17031807700,"Skokie, IL",0.7735
17031700200,"South Side, Chicago, IL",0.7735
17031040700,"Lincoln Square, Chicago, IL",0.7735
17031630500,"Gage Park, Chicago, IL",0.7734
17031640800,"South Side, Chicago, IL",0.7733
17031819300,"Brookfield, IL",0.7733
18089030600,"East Chicago, IN",0.7731
17031480500,"South Side, Chicago, IL",0.7731
17031161000,"Old Irving Park, Chicago, IL",0.773
18089031000,"East Chicago, IN",0.773
17031411000,"South Side, Chicago, IL",0.7729
17031832200,"Bucktown, Chicago, IL",0.7728
17031150800,"Portage Park, Chicago, IL",0.7727
17031242500,"West Town, Chicago, IL",0.7725
17031660500,"South Side, Chicago, IL",0.7725
17031031400,"Uptown, Chicago, IL",0.7724
17031820606,"Willow Springs, IL",0.7724
17031430800,"South Side, Chicago, IL",0.7724
17031221600,"Bucktown, Chicago, IL",0.7723
17031814700,"Berwyn, IL",0.7721
17031825802,"Calumet City, IL",0.7721
17031251300,"South Austin, Chicago, IL",0.7721
17031050700,"North Center, Chicago, IL",0.772
17031440300,"South Side, Chicago, IL",0.772
17031281900,"Near West Side, Chicago, IL",0.772
17031030500,"Magnolia Glen, Chicago, IL",0.7719
17031819500,"La Grange, IL",0.7718
17031813802,"Cicero, IL",0.7718
17031810501,"Norridge, IL",0.7718
17031200402,"Hermosa, Chicago, IL",0.7715
17031520500,"East Side, Chicago, IL",0.7713
17031160602,"Irving Park, Chicago, IL",0.7711
17031140400,"Albany Park, Chicago, IL",0.7711
17031283200,"University Village / Little Italy, Chicago, IL",0.771
17031230700,"Humboldt Park, Chicago, IL",0.771
17043845508,"Darien, IL",0.7707
17031520400,"South Side, Chicago, IL",0.7707
17031812700,"Oak Park, IL",0.7705
17031711300,"Auburn Gresham, Chicago, IL",0.7703
17031812600,"Oak Park, IL",0.7701
17031820605,"Hickory Hills, IL",0.77
17031140800,"Albany Park, Chicago, IL",0.7698
17031190602,"Belmont Central, Chicago, IL",0.7698
17043844304,"Lombard, IL",0.7696
17031823806,"Worth, IL",0.7696
17031030400,"Edgewater, Chicago, IL",0.7695
17031841900,"University Village / Little Italy, Chicago, IL",0.7695
17031711400,"South Side, Chicago, IL",0.7695
17031070300,"Lincoln Park, Chicago, IL",0.7693
17031809700,"Evanston, IL",0.7692
17031490400,"Roseland, Chicago, IL",0.7692
17031580200,"Brighton Park, Chicago, IL",0.7691
17031063302,"Lake View East, Chicago, IL",0.769
17031670500,"Englewood, Chicago, IL",0.7689
17031242800,"West Town, Chicago, IL",0.7688
17031770500,"Des Plaines, IL",0.7687
17031650200,"South Side, Chicago, IL",0.7685
17031711200,"Auburn Gresham, Chicago, IL",0.7684
17031250700,"Austin, Chicago, IL",0.7684
17031480300,"South Side, Chicago, IL",0.7684
17031251400,"Austin, Chicago, IL",0.7683
17031811100,"River Grove, IL",0.7681
17031843100,"Lawndale, Chicago, IL",0.768
17031817102,"Bellwood, IL",0.7678
17031230400,"Humboldt Park, Chicago, IL",0.7677
17031240600,"West Town, Chicago, IL",0.7677
17031161200,"Kilbourn Park, Chicago, IL",0.7676
17031191302,"Belmont Central, Chicago, IL",0.7676
17031110300,"Jefferson Park, Chicago, IL",0.7674
17031040800,"Lincoln Square, Chicago, IL",0.7673
17031060500,"Wrigleyville, Chicago, IL",0.7672
17031580400,"Brighton Park, Chicago, IL",0.7671
17031051200,"North Center, Chicago, IL",0.7671
17031490500,"Roseland, Chicago, IL",0.767
17031020701,"Peterson Park, Chicago, IL",0.767
17031819100,"Lyons, IL",0.7669
17031221400,"Logan Square, Chicago, IL",0.7665
17031010100,"Rogers Park, Chicago, IL",0.7664
17031600900,"South Side, Chicago, IL",0.7662
17031816700,"Northlake, IL",0.7661
17031831800,"North Park, Chicago, IL",0.7661
17031081800,"River North, Chicago, IL",0.7658
17043840704,"Bensenville, IL",0.7657
17031250800,"Austin, Chicago, IL",0.7654
17031824400,"Crestwood, IL",0.7653
17031821300,"Blue Island, IL",0.7653
18089030800,"East Chicago, IN",0.7652
17031750500,"Morgan Park, Chicago, IL",0.7652
17031640700,"South Side, Chicago, IL",0.765
17031832900,"University Village / Little Italy, Chicago, IL",0.765
17031080201,"Near North Side, Chicago, IL",0.765
17031510200,"South Side, Chicago, IL",0.765
17031820502,"Bridgeview, IL",0.7649
17031150501,"Portage Park, Chicago, IL",0.7647
17031824800,"Posen, IL",0.7647
17031812500,"Oak Park, IL",0.7646
17031020200,"West Ridge, Chicago, IL",0.7644
17043845401,"Burr Ridge, IL",0.7644
17031061800,"Boystown, Chicago, IL",0.7643
17031821401,"Calumet Park, IL",0.7643
17031310700,"Lower West Side, Chicago, IL",0.7643
17031835100,"Gage Park, Chicago, IL",0.7641
18089020700,"Hammond, IN",0.764
17031826500,"Chicago, IL",0.7636
17031243300,"West Town, Chicago, IL",0.7636
17031230900,"Humboldt Park, Chicago, IL",0.7635
17031580100,"Brighton Park, Chicago, IL",0.7634
17031190200,"Belmont Cragin, Chicago, IL",0.7632
17031817600,"Maywood, IL",0.7631
17031700100,"Ashburn, Chicago, IL",0.7629
17031240800,"West Town, Chicago, IL",0.7629
17031440201,"South Side, Chicago, IL",0.7628
17031230100,"Humboldt Park, Chicago, IL",0.7626
17031200401,"Hermosa, Chicago, IL",0.7626
17031808002,"Lincolnwood, IL",0.7625
17031020902,"West Ridge, Chicago, IL",0.7624
17031110400,"Jefferson Park, Chicago, IL",0.7619
17031811302,"Franklin Park, IL",0.7619
17043844202,"Lombard, IL",0.7619
17031251500,"Austin, Chicago, IL",0.7618
17031160800,"Irving Park, Chicago, IL",0.7617
17031381800,"South Side, Chicago, IL",0.7617
17031833300,"Near West Side, Chicago, IL",0.7617
17031830800,"Lincoln Square, Chicago, IL",0.7617
17031820300,"Summit, IL",0.7616
17031030300,"Edgewater, Chicago, IL",0.7615
17031815200,"Berwyn, IL",0.7615
17031620400,"South Side, Chicago, IL",0.7612
17031221200,"Logan Square, Chicago, IL",0.7609
17031813702,"Cicero, IL",0.7608
17043844701,"Westmont, IL",0.7607
17031160601,"Irving Park, Chicago, IL",0.7606
17031140601,"Albany Park, Chicago, IL",0.7605
17031221000,"Logan Square, Chicago, IL",0.7604
17031750600,"South Side, Chicago, IL",0.7603
17031500100,"Cottage Grove Heights, Chicago, IL",0.7601
17031430600,"South Shore, Chicago, IL",0.76
17031040202,"Budlong Woods, Chicago, IL",0.7599
17031670300,"Englewood, Chicago, IL",0.7591
17031191100,"Belmont Cragin, Chicago, IL",0.7591
17031817200,"Maywood, IL",0.759
17031805108,"Mount Prospect, IL",0.7588
17031816600,"Stone Park, IL",0.7586
17031410700,"Hyde Park, Chicago, IL",0.7585
17031814900,"Berwyn, IL",0.7583
17031051100,"Roscoe Village, Chicago, IL",0.7583
17031241300,"West Town, Chicago, IL",0.7582
17031831200,"Hermosa, Chicago, IL",0.7581
17031381200,"Bronzeville, Chicago, IL",0.7578
17031590600,"McKinley Park, Chicago, IL",0.7578
17043844502,"Oak Brook, IL",0.7575
17031080100,"Gold Coast, Chicago, IL",0.7567
17031770800,"Schiller Park, IL",0.7566
17031190800,"Belmont Cragin, Chicago, IL",0.7566
17031711000,"Auburn Gresham, Chicago, IL",0.7566
17031730700,"South Side, Chicago, IL",0.7565
17031310200,"East Pilsen, Chicago, IL",0.7565
17031150200,"Portage Park, Chicago, IL",0.7564
17031430101,"South Shore, Chicago, IL",0.7562
17031817500,"Maywood, IL",0.756
17031838200,"Illinois Medical District, Chicago, IL",0.756
17031491300,"Roseland, Chicago, IL",0.7559
17031030104,"Edgewater, Chicago, IL",0.7559
17031320600,"South Loop, Chicago, IL",0.7557
17031140500,"Albany Park, Chicago, IL",0.7556
17031842100,"Humboldt Park, Chicago, IL",0.7554
17031827200,"Phoenix, IL",0.7554
17031814600,"Berwyn, IL",0.7552
17031530503,"South Side, Chicago, IL",0.7552
17031810200,"Evanston, IL",0.755
17031301803,"Little Village, Chicago, IL",0.7548
17031670400,"Englewood, Chicago, IL",0.7548
17031230300,"Humboldt Park, Chicago, IL",0.7544
17031242700,"Humboldt Park, Chicago, IL",0.7543
17031080400,"Old Town, Chicago, IL",0.7543
17031810100,"Evanston, IL",0.7542
17031220300,"Logan Square, Chicago, IL",0.7542
17031630300,"Gage Park, Chicago, IL",0.7537
17031841300,"Heart of Chicago, Chicago, IL",0.7537
17031070700,"Lincoln Park, Chicago, IL",0.7537
17031280100,"Fulton River District, Chicago, IL",0.7536
17031833000,"Near West Side, Chicago, IL",0.7535
18089040200,"Whiting, IN",0.7535
17031830600,"Rogers Park, Chicago, IL",0.7534
17031822102,"Oak Lawn, IL",0.7534
17031831500,"Belmont Cragin, Chicago, IL",0.7534
17031490902,"South Side, Chicago, IL",0.7533
17031830500,"Little Village, Chicago, IL",0.7532
17031825700,"Chicago, IL",0.753
17031171000,"Dunning, Chicago, IL",0.7528
17031430700,"South Side, Chicago, IL",0.7528
17031760803,"O'Hare, Chicago, IL",0.7524
17031222700,"Logan Square, Chicago, IL",0.7524
17031010201,"Rogers Park, Chicago, IL",0.7523
17031251700,"Austin, Chicago, IL",0.7523
17031160502,"Irving Park, Chicago, IL",0.7522
17031610300,"Back of the Yards, Chicago, IL",0.752
17031410600,"Hyde Park, Chicago, IL",0.7519
17031020100,"West Ridge, Chicago, IL",0.7518
17031710500,"Auburn Gresham, Chicago, IL",0.7517
17031650100,"South Side, Chicago, IL",0.7516
17031390400,"Kenwood, Chicago, IL",0.7516
17031250200,"Austin, Chicago, IL",0.7515
17031842800,"Brighton Park, Chicago, IL",0.7515
17031301701,"Little Village, Chicago, IL",0.7512
17031834500,"South Side, Chicago, IL",0.7512
17031190100,"Belmont Cragin, Chicago, IL",0.751
17031220902,"Logan Square, Chicago, IL",0.751
17031271400,"East Garfield Park, Chicago, IL",0.7506
17031020801,"West Ridge, Chicago, IL",0.7505
17031230600,"Humboldt Park, Chicago, IL",0.7503
17031251100,"Austin, Chicago, IL",0.7501
17031500300,"South Side, Chicago, IL",0.7499
17031817700,"Maywood, IL",0.7498
17031681100,"Englewood, Chicago, IL",0.7498
17031560700,"Garfield Ridge, Chicago, IL",0.7498
17031062900,"Lake View, Chicago, IL",0.7497
17031010503,"Rogers Park, Chicago, IL",0.7496
17031243000,"West Town, Chicago, IL",0.7495
17031242000,"Noble Square, Chicago, IL",0.7494
18089020500,"Hammond, IN",0.7493
17031730500,"South Side, Chicago, IL",0.7492
17031820604,"Justice, IL",0.7491
17031170400,"Dunning, Chicago, IL",0.749
17031330100,"Near South Side, Chicago, IL",0.7489
17031440800,"South Side, Chicago, IL",0.7488
17031221100,"Logan Square, Chicago, IL",0.7488
17031020400,"West Ridge, Chicago, IL",0.7487
17031430102,"South Shore, Chicago, IL",0.7486
17031491100,"South Side, Chicago, IL",0.7484
17031170100,"Dunning, Chicago, IL",0.7484
17031063301,"Lake View East, Chicago, IL",0.7484
17031500200,"South Side, Chicago, IL",0.7483
17031291600,"Douglas Park, Chicago, IL",0.7481
17031831300,"West Humboldt Park, Chicago, IL",0.7481
17031813400,"Cicero, IL",0.748
17031020302,"West Ridge, Chicago, IL",0.7479
17031431200,"South Side, Chicago, IL",0.7476
17031250300,"Austin, Chicago, IL",0.7476
17031834300,"Avalon Park, Chicago, IL",0.7476
17031839600,"Bronzeville, Chicago, IL",0.7474
17031821500,"Riverdale, IL",0.7473
17031490600,"Longwood Manor, Chicago, IL",0.7471
17031711100,"South Side, Chicago, IL",0.7471
17031460301,"South Side, Chicago, IL",0.747
17031600700,"Bridgeport, Chicago, IL",0.747
17031461000,"South Chicago, Chicago, IL",0.7468
17031221300,"Logan Square, Chicago, IL",0.7466
17031691300,"South Side, Chicago, IL",0.7466
17031240200,"West Town, Chicago, IL",0.7466
17031160900,"Irving Park, Chicago, IL",0.7465
17031310300,"Lower West Side, Chicago, IL",0.7462
18089010304,"Gary, IN",0.7462
17031826201,"South Holland, IL",0.7461
17031491200,"South Side, Chicago, IL",0.7461
17031841500,"Lawndale, Chicago, IL",0.7461
17031630800,"South Side, Chicago, IL",0.746
17031261000,"Garfield Park, Chicago, IL",0.7459
17031710600,"South Side, Chicago, IL",0.7459
17031271200,"East Garfield Park, Chicago, IL",0.7456
17031460302,"South Chicago, Chicago, IL",0.7455
17031210602,"Avondale, Chicago, IL",0.7451
17031292200,"Lawndale, Chicago, IL",0.7449
17031151002,"Cragin, Chicago, IL",0.7448
17031190601,"Belmont Central, Chicago, IL",0.7447
17031191200,"Belmont Cragin, Chicago, IL",0.7446
17031251600,"Austin, Chicago, IL",0.7444
17031031000,"Uptown, Chicago, IL",0.7441
17031071800,"Lincoln Park, Chicago, IL",0.744
17031460100,"South Chicago, Chicago, IL",0.7438
17031251200,"Austin, Chicago, IL",0.7437
17031081300,"Streeterville, Chicago, IL",0.7433
17031730600,"South Side, Chicago, IL",0.7433
17031691400,"South Side, Chicago, IL",0.7432
17031809800,"Evanston, IL",0.7432
17031251900,"Austin, Chicago, IL",0.743
17031630200,"Gage Park, Chicago, IL",0.7429
17031050100,"North Center, Chicago, IL",0.7429
17031430500,"South Side, Chicago, IL",0.7426
17031081402,"Streeterville, Chicago, IL",0.7421
17031831400,"Austin, Chicago, IL",0.7419
17031400800,"South Side, Chicago, IL",0.7417
17031710900,"Auburn Gresham, Chicago, IL",0.7417
17031836600,"Humboldt Park, Chicago, IL",0.7415
17031816000,"Forest Park, IL",0.7415
17031660800,"South Side, Chicago, IL",0.7414
17031660302,"Chicago Lawn, Chicago, IL",0.7412
17031835200,"Garfield Ridge, Chicago, IL",0.7409
17031660400,"Chicago Lawn, Chicago, IL",0.7408
17031810000,"Evanston, IL",0.7406
17031520600,"East Side, Chicago, IL",0.7406
17031010400,"Rogers Park, Chicago, IL",0.7404
17031510300,"Jeffrey Manor, Chicago, IL",0.7402
17031220602,"Logan Square, Chicago, IL",0.7401
17031252202,"Austin, Chicago, IL",0.74
17031310800,"Heart of Chicago, Chicago, IL",0.7399
17031826600,"Riverdale, IL",0.7399
17031824900,"Markham, IL",0.7398
17031420100,"South Side, Chicago, IL",0.7398
17031020901,"West Ridge, Chicago, IL",0.7397
17031820603,"Justice, IL",0.7397
17031838800,"South Deering, Chicago, IL",0.7395
17031831100,"Avondale, Chicago, IL",0.7395
17031490800,"Roseland, Chicago, IL",0.7394
17031220400,"Logan Square, Chicago, IL",0.7392
17031241000,"Humboldt Park, Chicago, IL",0.739
17031081700,"River North, Chicago, IL",0.739
17031827100,"Harvey, IL",0.7388
17031630400,"South Side, Chicago, IL",0.7385
17031814100,"Cicero, IL",0.7384
17031020802,"West Ridge, Chicago, IL",0.7379
17031770602,"Des Plaines, IL",0.7379
17031081900,"Cabrini-Green, Chicago, IL",0.7378
17031301702,"Little Village, Chicago, IL",0.7377
17031242200,"West Town, Chicago, IL",0.7377
17031381400,"South Side, Chicago, IL",0.737
17031081401,"Streeterville, Chicago, IL",0.737
17031842500,"Greater Grand Crossing, Chicago, IL",0.7368
17031440102,"East Chatham, Chicago, IL",0.7368
17031540102,"Golden Gate, Chicago, IL",0.7367
17031710400,"South Side, Chicago, IL",0.7366
17031580300,"South Side, Chicago, IL",0.7366
17031282800,"Near West Side, Chicago, IL",0.7364
17031030101,"Edgewater, Chicago, IL",0.736
17031071100,"Lincoln Park, Chicago, IL",0.736
17031301600,"Little Village, Chicago, IL",0.736
17031830700,"Uptown, Chicago, IL",0.7358
17031681300,"Englewood, Chicago, IL",0.7357
17031611200,"Back of the Yards, Chicago, IL",0.7357
17031730201,"South Side, Chicago, IL",0.7353
17031210601,"Avondale, Chicago, IL",0.735
17031231200,"Humboldt Park, Chicago, IL",0.7349
17031823603,"Robbins, IL",0.7349
17031840700,"Little Village, Chicago, IL",0.7349
17031160100,"Irving Park, Chicago, IL",0.7348
17043844306,"Villa Park, IL",0.7348
17031843700,"North Center, Chicago, IL",0.7346
17031691500,"Grand Crossing, Chicago, IL",0.7345
17031030701,"Edgewater, Chicago, IL",0.7344
17031490901,"South Side, Chicago, IL",0.7344
17031292500,"Lawndale, Chicago, IL",0.7343
17031580600,"Brighton Park, Chicago, IL",0.7341
17031381500,"Bronzeville, Chicago, IL",0.7341
17031243400,"West Town, Chicago, IL",0.7339
17031831900,"Lake View, Chicago, IL",0.7339
17031060800,"Lake View, Chicago, IL",0.7338
17031251000,"Austin, Chicago, IL",0.7337
17031750100,"Morgan Park, Chicago, IL",0.7337
17031826700,"Riverdale, IL",0.7336
17031837800,"Near West Side, Chicago, IL",0.7336
17031252201,"Austin, Chicago, IL",0.7333
17031826800,"Dixmoor, IL",0.7332
17031814200,"Cicero, IL",0.7332
17031460700,"South Chicago, Chicago, IL",0.7331
17031061902,"Lake View East, Chicago, IL",0.7329
17031180100,"Montclare, Chicago, IL",0.7329
17031260400,"Garfield Park, Chicago, IL",0.7329
17031242400,"Ukrainian Village, Chicago, IL",0.7327
17031835000,"Chicago Lawn, Chicago, IL",0.7327
17031840800,"Little Village, Chicago, IL",0.7326
17031671600,"Englewood, Chicago, IL",0.7325
17031710200,"Auburn Gresham, Chicago, IL",0.7325
17031813600,"Cicero, IL",0.7324
17031190300,"Belmont Cragin, Chicago, IL",0.7324
17031841200,"Heart of Chicago, Chicago, IL",0.7324
17031530100,"South Side, Chicago, IL",0.7324
17031440600,"South Side, Chicago, IL",0.7323
17031827400,"Harvey, IL",0.7317
17031837300,"East Garfield Park, Chicago, IL",0.7317
17031440202,"South Side, Chicago, IL",0.7317
17031823703,"Bridgeview, IL",0.7316
17031020602,"West Rogers Park, Chicago, IL",0.7315
17031810600,"Harwood Heights, IL",0.7315
17031840400,"McKinley Park, Chicago, IL",0.7314
17031231100,"Humboldt Park, Chicago, IL",0.7312
17031836000,"Bronzeville, Chicago, IL",0.7312
17031351000,"Bronzeville, Chicago, IL",0.7312
17031010702,"Rogers Park, Chicago, IL",0.7311
17031460400,"South Chicago, Chicago, IL",0.7311
17031820202,"Hodgkins, IL",0.7311
17031431400,"South Shore, Chicago, IL",0.731
17031834200,"South Shore, Chicago, IL",0.7309
18089030300,"East Chicago, IN",0.7309
17031190401,"Belmont Central, Chicago, IL",0.7308
17031580502,"Brighton Park, Chicago, IL",0.7307
17031816402,"Melrose Park, IL",0.7306
17031812301,"Oak Park, IL",0.7306
17031836900,"East Garfield Park, Chicago, IL",0.7304
17031220901,"Logan Square, Chicago, IL",0.7299
17031020301,"West Ridge, Chicago, IL",0.7298
17031560300,"South Side, Chicago, IL",0.7297
17031440900,"South Side, Chicago, IL",0.7296
17031140602,"Albany Park, Chicago, IL",0.7296
17031710800,"Auburn Gresham, Chicago, IL",0.7296
17031836200,"Hyde Park, Chicago, IL",0.7296
17031420300,"South Side, Chicago, IL",0.7292
17031840100,"Bridgeport, Chicago, IL",0.7291
17031410900,"East Hyde Park, Chicago, IL",0.729
17031210100,"Avondale, Chicago, IL",0.7288
17031838100,"Near West Side, Chicago, IL",0.7288
17031806501,"Des Plaines, IL",0.7286
17031010202,"Rogers Park, Chicago, IL",0.7283
17031681400,"Englewood, Chicago, IL",0.7282
17031032100,"Uptown, Chicago, IL",0.7281
17031060200,"Lake View, Chicago, IL",0.728
17031301802,"Little Village, Chicago, IL",0.728
17031809900,"Evanston, IL",0.728
17031813801,"Cicero, IL",0.728
17031831600,"Montclare, Chicago, IL",0.7279
17031730400,"South Side, Chicago, IL",0.7278
17031020702,"West Rogers Park, Chicago, IL",0.7277
17031271800,"East Garfield Park, Chicago, IL",0.7277
17031161100,"Irving Park, Chicago, IL",0.7275
17031816401,"Melrose Park, IL",0.7273
17031843800,"South Side, Chicago, IL",0.7272
17031690500,"Greater Grand Crossing, Chicago, IL",0.7266
17031071600,"Lincoln Park, Chicago, IL",0.7261
17031190402,"Belmont Central, Chicago, IL",0.7261
17031560200,"South Side, Chicago, IL",0.7257
17031320100,"Chicago Loop, Chicago, IL",0.7255
17031832400,"Logan Square, Chicago, IL",0.7255
17031260600,"Garfield Park, Chicago, IL",0.7255
17031820800,"Chicago, IL",0.7254
17031580501,"South Side, Chicago, IL",0.7252
17031140701,"Albany Park, Chicago, IL",0.7252
17031030604,"Edgewater Beach, Chicago, IL",0.7244
17031300500,"Little Village, Chicago, IL",0.7244
17031590700,"McKinley Park, Chicago, IL",0.724
17031843000,"Lawndale, Chicago, IL",0.7237
17031660600,"Chicago Lawn, Chicago, IL",0.7234
17031063400,"Lake View East, Chicago, IL",0.7234
17031300600,"Little Village, Chicago, IL",0.7234
17031670900,"Englewood, Chicago, IL",0.723
17031300900,"Marshall Square, Chicago, IL",0.7229
17031836700,"East Garfield Park, Chicago, IL",0.7228
17031810701,"Elmwood Park, IL",0.7228
17031832600,"Lincoln Park, Chicago, IL",0.7227
17031430200,"South Shore, Chicago, IL",0.7226
17031031300,"Uptown, Chicago, IL",0.7225
17031220702,"Logan Square, Chicago, IL",0.7225
17031450300,"South Side, Chicago, IL",0.7224
17031260900,"Garfield Park, Chicago, IL",0.7223
17031062800,"Lake View, Chicago, IL",0.7221
17031826000,"Calumet City, IL",0.7221
17031310900,"Heart of Chicago, Chicago, IL",0.7218
17031570100,"Archer Heights, Chicago, IL",0.7217
17031130300,"Hollywood Park, Chicago, IL",0.7214
17031540101,"South Side, Chicago, IL",0.7212
17031010501,"Rogers Park, Chicago, IL",0.7211
17031030706,"Edgewater Beach, Chicago, IL",0.721
17031260800,"East Garfield Park, Chicago, IL",0.721
17031530600,"South Side, Chicago, IL",0.7209
17031062700,"Lake View, Chicago, IL",0.7207
17031460500,"South Chicago, Chicago, IL",0.7206
17031242600,"Humboldt Park, Chicago, IL",0.7204
17031062100,"Lake View, Chicago, IL",0.7204
17031420500,"South Side, Chicago, IL",0.7202
17031815900,"Forest Park, IL",0.7201
17031834400,"South Side, Chicago, IL",0.72
17031843300,"Douglas Park, Chicago, IL",0.7199
17031063200,"Lake View East, Chicago, IL",0.7195
17031031100,"Uptown, Chicago, IL",0.7194
17031440101,"East Chatham, Chicago, IL",0.7192
17031282700,"Lawndale, Chicago, IL",0.7189
17031252000,"Austin, Chicago, IL",0.7186
17031530200,"South Side, Chicago, IL",0.7185
17031760801,"O'Hare, Chicago, IL",0.7184
17031839200,"Bronzeville, Chicago, IL",0.7184
17031630100,"Gage Park, Chicago, IL",0.7183
17031241600,"Pulaski Park, Chicago, IL",0.7181
17031813701,"Cicero, IL",0.718
17031611100,"Back of the Yards, Chicago, IL",0.7179
17031243200,"West Town, Chicago, IL",0.7176
17031842200,"Goose Island, Chicago, IL",0.7174
17031730202,"Brainerd, Chicago, IL",0.7173
17031610400,"Back of the Yards, Chicago, IL",0.7173
17031062200,"Lake View, Chicago, IL",0.7171
17031071400,"Lincoln Park, Chicago, IL",0.7169
17031221500,"Logan Square, Chicago, IL",0.7168
17031240700,"West Town, Chicago, IL",0.7167
17031672000,"Englewood, Chicago, IL",0.7163
17031611600,"Back of the Yards, Chicago, IL",0.7163
17031252101,"Austin, Chicago, IL",0.7157
17031843600,"South Side, Chicago, IL",0.7157
17031730300,"Brainerd, Chicago, IL",0.7155
17031490700,"Fernwood, Chicago, IL",0.7155
17031838700,"Lawndale, Chicago, IL",0.7152
17031421200,"Park Manor, Chicago, IL",0.7148
17031031501,"Uptown, Chicago, IL",0.7147
17031834000,"Princeton Park, Chicago, IL",0.7145
17031280800,"Near West Side, Chicago, IL",0.7142
17031810702,"Elmwood Park, IL",0.7142
17031460200,"South Chicago, Chicago, IL",0.7138
17031431301,"South Shore, Chicago, IL",0.7138
17031410500,"Hyde Park, Chicago, IL",0.7136
17031242300,"Ukrainian Village, Chicago, IL",0.7134
17031681000,"Englewood, Chicago, IL",0.7131
17031420700,"South Side, Chicago, IL",0.7126
17031222200,"Bucktown, Chicago, IL",0.7125
17031661000,"Chicago Lawn, Chicago, IL",0.7125
17031081600,"Near North, Chicago, IL",0.7125
17031140200,"Albany Park, Chicago, IL",0.7117
17031190702,"Belmont Cragin, Chicago, IL",0.7113
17031010300,"Rogers Park, Chicago, IL",0.7113
17031835900,"Bronzeville, Chicago, IL",0.7112
17031833900,"South Side, Chicago, IL",0.7108
17031300700,"Little Village, Chicago, IL",0.7107
17031813301,"Cicero, IL",0.7106
17031530501,"South Side, Chicago, IL",0.7105
17031130100,"Pulaski Park, Chicago, IL",0.7103
17031836100,"South Side, Chicago, IL",0.7099
17031805107,"Arlington Heights, IL",0.7099
17031611800,"South Side, Chicago, IL",0.7098
17031832100,"Lake View, Chicago, IL",0.7094
17031611400,"Back of the Yards, Chicago, IL",0.7092
17031671100,"Englewood, Chicago, IL",0.7091
17031570300,"Archer Heights, Chicago, IL",0.7087
17031813302,"Chicago, IL",0.7087
17031171100,"Dunning, Chicago, IL",0.7084
17031710300,"Auburn Gresham, Chicago, IL",0.7084
17031020500,"West Ridge, Chicago, IL",0.7084
17031691100,"South Side, Chicago, IL",0.7082
17031824300,"Robbins, IL",0.7081
17031340600,"Armour Square, Chicago, IL",0.7077
17031240300,"West Town, Chicago, IL",0.7076
17031062300,"Lake View, Chicago, IL",0.7075
17031612100,"South Side, Chicago, IL",0.7072
17031351400,"Bronzeville, Chicago, IL",0.7072
17031838300,"Cabrini-Green, Chicago, IL",0.7071
17031351500,"Bronzeville, Chicago, IL",0.7065
17031222900,"Logan Square, Chicago, IL",0.7064
17031051400,"West Lakeview, Chicago, IL",0.7064
17031841800,"South Side, Chicago, IL",0.7063
17031381900,"South Side, Chicago, IL",0.7062
17031660900,"Chicago Lawn, Chicago, IL",0.7061
17031330200,"Near South Side, Chicago, IL",0.7059
17031420400,"South Side, Chicago, IL",0.7057
17031690300,"Greater Grand Crossing, Chicago, IL",0.7057
17031390500,"South Side, Chicago, IL",0.7056
17031030703,"Edgewater, Chicago, IL",0.7055
17031570400,"South Side, Chicago, IL",0.7053
17031833100,"Near West Side, Chicago, IL",0.7051
17031081201,"Streeterville, Chicago, IL",0.7051
17031031700,"Uptown, Chicago, IL",0.7049
17031140100,"Albany Park, Chicago, IL",0.7047
17031310600,"Lower West Side, Chicago, IL",0.7045
17031290900,"Lawndale, Chicago, IL",0.7038
17031826902,"Harvey, IL",0.7034
17031031900,"Uptown, Chicago, IL",0.7034
17031310500,"Lower West Side, Chicago, IL",0.703
17031301100,"Little Village, Chicago, IL",0.703
17031580800,"Brighton Park, Chicago, IL",0.7027
17031251800,"Austin, Chicago, IL",0.7027
17031430400,"Grand Crossing, Chicago, IL",0.7025
17031260700,"Garfield Park, Chicago, IL",0.7017
17031420200,"South Side, Chicago, IL",0.7017
17031031200,"Uptown, Chicago, IL",0.7014
17031670800,"Englewood, Chicago, IL",0.7013
17031160501,"Irving Park, Chicago, IL",0.7013
17031431302,"South Shore, Chicago, IL",0.701
17031081000,"Near North, Chicago, IL",0.7008
17031300800,"South Lawndale, Chicago, IL",0.7007
17031291200,"North Lawndale, Chicago, IL",0.7007
17031380200,"Bronzeville, Chicago, IL",0.7005
17031420600,"South Side, Chicago, IL",0.7001
17031160300,"Irving Park, Chicago, IL",0.6997
17031671800,"Englewood, Chicago, IL",0.6997
17031690900,"Greater Grand Crossing, Chicago, IL",0.6996
17031838000,"Near West Side, Chicago, IL",0.6995
17031834800,"Englewood, Chicago, IL",0.699
17031242900,"West Town, Chicago, IL",0.6988
17031611500,"South Side, Chicago, IL",0.6985
17031841700,"Little Village, Chicago, IL",0.6982
17031081403,"Streeterville, Chicago, IL",0.6981
17031836400,"Oakland, Chicago, IL",0.698
17031670100,"Englewood, Chicago, IL",0.6975
17031280400,"Near West Side, Chicago, IL",0.6972
17031491000,"Roseland, Chicago, IL",0.6971
17031241400,"West Town, Chicago, IL",0.6968
17031030200,"Edgewater, Chicago, IL",0.6966
17031220601,"Logan Square, Chicago, IL",0.6961
17031400400,"South Side, Chicago, IL",0.696
17031230500,"Hermosa, Chicago, IL",0.6959
17031420800,"South Side, Chicago, IL",0.6955
17031231500,"East Garfield Park, Chicago, IL",0.6949
17031670200,"Englewood, Chicago, IL",0.6948
17031010600,"Rogers Park, Chicago, IL",0.6942
17031843400,"Lawndale, Chicago, IL",0.6941
17031690400,"South Side, Chicago, IL",0.6934
17031530502,"South Side, Chicago, IL",0.6934
17031051000,"Roscoe Village, Chicago, IL",0.6934
17031283800,"University Village / Little Italy, Chicago, IL",0.6933
17031010502,"Rogers Park, Chicago, IL",0.6933
17031040900,"Lincoln Square, Chicago, IL",0.6933
17031151200,"Portage Park, Chicago, IL",0.6928
17031260200,"Garfield Park, Chicago, IL",0.6926
17031110502,"Jefferson Park, Chicago, IL",0.6925
17031671300,"Englewood, Chicago, IL",0.6921
17031691200,"Greater Grand Crossing, Chicago, IL",0.6918
17031271500,"East Garfield Park, Chicago, IL",0.6918
17031460600,"South Chicago, Chicago, IL",0.6917
17031835800,"Bronzeville, Chicago, IL",0.6912
17031070400,"Lincoln Park, Chicago, IL",0.691
17031031502,"Uptown, Chicago, IL",0.6903
17031470100,"South Side, Chicago, IL",0.69
17031671500,"Englewood, Chicago, IL",0.6899
17031070600,"Lincoln Park, Chicago, IL",0.6893
17031400300,"South Side, Chicago, IL",0.6893
17031260100,"East Garfield Park, Chicago, IL",0.689
17031570500,"South Side, Chicago, IL",0.6889
17031670600,"Englewood, Chicago, IL",0.6885
17031491400,"Roseland, Chicago, IL",0.6884
17031671400,"Englewood, Chicago, IL",0.6882
17031681200,"South Side, Chicago, IL",0.6881
17031301200,"Little Village, Chicago, IL",0.6879
17031030603,"Edgewater, Chicago, IL",0.6871
17031611300,"South Side, Chicago, IL",0.6871
17031827300,"Harvey, IL",0.6863
17031081100,"Near North, Chicago, IL",0.6852
17031834600,"Englewood, Chicago, IL",0.685
17031839000,"Chicago Loop, Chicago, IL",0.6839
17031260500,"Garfield Park, Chicago, IL",0.6838
17031660301,"South Side, Chicago, IL",0.6837
17031292400,"Lawndale, Chicago, IL",0.6837
17031680900,"Englewood, Chicago, IL",0.6836
17031031800,"Uptown, Chicago, IL",0.683
17031030102,"Edgewater, Chicago, IL",0.6825
17031836800,"East Garfield Park, Chicago, IL",0.6822
17031837100,"East Garfield Park, Chicago, IL",0.6822
17031839500,"Bronzeville, Chicago, IL",0.682
17031020601,"West Ridge, Chicago, IL",0.6813
17031710100,"Auburn Gresham, Chicago, IL",0.6805
17031838600,"Lawndale, Chicago, IL",0.68
17031430900,"South Shore, Chicago, IL",0.6796
17031062500,"Lake View, Chicago, IL",0.6794
17031841400,"Little Village, Chicago, IL",0.6792
17031350400,"Douglas, Chicago, IL",0.6788
17031841600,"Lawndale, Chicago, IL",0.6786
17031351100,"Bronzeville, Chicago, IL",0.6785
17031030601,"Edgewater, Chicago, IL",0.6782
17031837000,"East Garfield Park, Chicago, IL",0.6779
17031834900,"Englewood, Chicago, IL",0.6773
17031612000,"Back of the Yards, Chicago, IL",0.6759
17031611700,"South Side, Chicago, IL",0.6757
17031837400,"East Garfield Park, Chicago, IL",0.6755
17031670700,"South Side, Chicago, IL",0.675
17031320400,"Chicago Loop, Chicago, IL",0.6748
17031380100,"Bronzeville, Chicago, IL",0.6748
17031842900,"University Village / Little Italy, Chicago, IL",0.6741
17031836300,"South Side, Chicago, IL",0.674
17031611900,"Back of the Yards, Chicago, IL",0.6724
17031280900,"Near West Side, Chicago, IL",0.6722
17031151100,"Portage Park, Chicago, IL",0.672
17031839100,"Chicago Loop, Chicago, IL",0.6716
17031310400,"Lower West Side, Chicago, IL",0.6714
17031390100,"Kenwood, Chicago, IL",0.6714
17031060100,"Lake View, Chicago, IL",0.6713
17031841000,"Near South Side, Chicago, IL",0.6705
17031210502,"Avondale, Chicago, IL",0.6701
17031260300,"Garfield Park, Chicago, IL",0.6698
17031080202,"Gold Coast, Chicago, IL",0.6689
17031430300,"Grand Crossing, Chicago, IL",0.6677
17031390300,"Kenwood, Chicago, IL",0.6677
17031835600,"Fuller Park, Chicago, IL",0.6666
17031710700,"Auburn Gresham, Chicago, IL",0.6656
17031161300,"Irving Park, Chicago, IL",0.6644
17031835500,"Fuller Park, Chicago, IL",0.6641
17031070102,"Lincoln Park, Chicago, IL",0.6635
17031826901,"Harvey, IL",0.6633
17031081202,"Gold Coast, Chicago, IL",0.6627
17031843500,"Little Village, Chicago, IL",0.6625
17031380700,"Bronzeville, Chicago, IL",0.6622
17031080300,"Old Town, Chicago, IL",0.6613
17031242100,"West Town, Chicago, IL",0.6607
17031611000,"Back of the Yards, Chicago, IL",0.6571
17031030103,"Edgewater, Chicago, IL",0.656
17031070500,"Lincoln Park, Chicago, IL",0.6555
17031660700,"Chicago Lawn, Chicago, IL",0.6543
17031671200,"Englewood, Chicago, IL",0.6542
17031680500,"Englewood, Chicago, IL",0.654
17031560400,"South Side, Chicago, IL",0.6529
17031831000,"Bucktown, Chicago, IL",0.6474
17031680600,"Englewood, Chicago, IL",0.6455
17031061200,"Wrigleyville, Chicago, IL",0.6413
17031836500,"Bronzeville, Chicago, IL",0.6397
17031210501,"Avondale, Chicago, IL",0.6342
17031400500,"South Side, Chicago, IL",0.6325
17031360200,"Bronzeville, Chicago, IL",0.6283
17031271300,"East Garfield Park, Chicago, IL",0.6262
17031834700,"Englewood, Chicago, IL",0.6226
17031380500,"Bronzeville, Chicago, IL",0.6209
17031081500,"Near North, Chicago, IL",0.6088
17031390200,"South Side, Chicago, IL",0.5718
17031030702,"Edgewater Beach, Chicago, IL",0.5671
17031243500,"West Town, Chicago, IL",0.5453
17031980100,"Clearing, Chicago, IL",
17031980000,"O'Hare, Des Plaines, IL",
17031835700,"Bronzeville, Chicago, IL",
17031381700,"Bronzeville, Chicago, IL",