"tract","Name","Employment_Rate_rP_gP_p25"
17031071100,"Lincoln Park, Chicago, IL",0.9967
17031819900,"Western Springs, IL",0.9692
17031062300,"Lake View, Chicago, IL",0.9579
17031411100,"Hyde Park, Chicago, IL",0.9548
17031819801,"Western Springs, IL",0.9113
17043845901,"Burr Ridge, IL",0.9021
17031070103,"Lincoln Park, Chicago, IL",0.8819
17031090300,"Edison Park, Chicago, IL",0.8772
17043843602,"Lombard, IL",0.8768
17043844401,"Downers Grove, IL",0.8714
17031061100,"Wrigleyville, Chicago, IL",0.8683
17031819700,"La Grange, IL",0.8638
17031720100,"Beverly, Chicago, IL",0.8578
17043844902,"Downers Grove, IL",0.8564
17031821800,"Evergreen Park, IL",0.8554
17197881002,"Lockport, IL",0.8521
17031070500,"Lincoln Park, Chicago, IL",0.8508
17031805701,"Park Ridge, IL",0.8462
17031823903,"Palos Park, IL",0.8445
17031071500,"Lincoln Park, Chicago, IL",0.8441
17043844502,"Oak Brook, IL",0.8409
17031824115,"Orland Park, IL",0.8387
17031823904,"Palos Heights, IL",0.8372
17043845702,"Downers Grove, IL",0.837
17043845805,"Burr Ridge, IL",0.8328
17031050900,"North Center, Chicago, IL",0.8323
17031812400,"Oak Park, IL",0.8309
17031832600,"Lincoln Park, Chicago, IL",0.8281
17031818401,"Hillside, IL",0.827
17031824105,"Orland Park, IL",0.825
17043845507,"Darien, IL",0.8237
17031820101,"Indian Head Park, IL",0.823
17031821900,"Evergreen Park, IL",0.8221
17031823901,"Palos Park, IL",0.8218
17031812802,"Oak Park, IL",0.8204
17031071000,"Lincoln Park, Chicago, IL",0.8193
17031805502,"Park Ridge, IL",0.8189
17043844301,"Lombard, IL",0.8188
17031812000,"River Forest, IL",0.8184
17031480100,"Calumet Heights, Chicago, IL",0.8184
17031839800,"Bridgeport, Chicago, IL",0.8183
17031805600,"Park Ridge, IL",0.8183
17031740200,"Mount Greenwood, Chicago, IL",0.818
18089030100,"East Chicago, IN",0.8163
17031818200,"Westchester, IL",0.8148
17031051300,"North Center, Chicago, IL",0.8138
17031823602,"Crestwood, IL",0.8132
17031270500,"Garfield Park, Chicago, IL",0.812
17031071200,"Lincoln Park, Chicago, IL",0.8115
17043845704,"Downers Grove, IL",0.8114
17031770901,"Harwood Heights, IL",0.8095
17031071700,"Lincoln Park, Chicago, IL",0.8091
17031241200,"West Town, Chicago, IL",0.809
17031062800,"Lake View, Chicago, IL",0.8087
17031061000,"Lake View, Chicago, IL",0.8083
17031841100,"Armour Square, Chicago, IL",0.8082
17031812302,"Oak Park, IL",0.808
17031750300,"South Side, Chicago, IL",0.8075
18089040100,"Whiting, IN",0.8074
17031816300,"Melrose Park, IL",0.8059
17031610800,"Canaryville, Chicago, IL",0.8055
17031063100,"Lake View East, Chicago, IL",0.8052
17043844001,"Elmhurst, IL",0.8049
17031243100,"West Town, Chicago, IL",0.8043
17031816800,"Berkeley, IL",0.8034
17031283100,"University Village / Little Italy, Chicago, IL",0.8029
17043844602,"Elmhurst, IL",0.8026
17031060300,"Lake View, Chicago, IL",0.8013
17031060400,"Lake View, Chicago, IL",0.8008
17031340300,"South Side, Chicago, IL",0.8005
17031730100,"South Side, Chicago, IL",0.8003
17031381500,"Bronzeville, Chicago, IL",0.8003
17031823805,"Palos Hills, IL",0.7998
17031062600,"West Lakeview, Chicago, IL",0.7985
17031720300,"South Side, Chicago, IL",0.7978
17031740100,"South Side, Chicago, IL",0.7977
17031823102,"Worth, IL",0.7975
18089030700,"East Chicago, IN",0.7958
17031170100,"Dunning, Chicago, IL",0.7958
17031340400,"Armour Square, Chicago, IL",0.7957
18089030500,"East Chicago, IN",0.7948
17031824506,"Oak Forest, IL",0.7947
17031770202,"Elk Grove Village, IL",0.7942
17031222600,"Logan Square, Chicago, IL",0.7932
17031060500,"Wrigleyville, Chicago, IL",0.7927
17031241100,"Humboldt Park, Chicago, IL",0.7923
17043845000,"Westmont, IL",0.7921
17043845810,"Darien, IL",0.792
17031740400,"Mount Greenwood, Chicago, IL",0.7912
17031050500,"North Center, Chicago, IL",0.791
17031840200,"Bridgeport, Chicago, IL",0.7902
17031100700,"Norwood Park, Chicago, IL",0.7901
17031350100,"Bronzeville, Chicago, IL",0.79
17031819500,"La Grange, IL",0.7887
17043842800,"Elmhurst, IL",0.7879
17031222500,"Logan Square, Chicago, IL",0.7874
17031240500,"West Town, Chicago, IL",0.7872
17031824601,"Midlothian, IL",0.7872
17031081900,"Cabrini-Green, Chicago, IL",0.7869
17031600600,"Bridgeport, Chicago, IL",0.7868
17031040100,"Lincoln Square, Chicago, IL",0.7867
17031210800,"Avondale, Chicago, IL",0.7861
17043840202,"Addison, IL",0.786
17031826401,"Dolton, IL",0.786
17031220500,"Logan Square, Chicago, IL",0.7855
17031843900,"South Side, Chicago, IL",0.7853
18089030900,"East Chicago, IN",0.7852
17031814000,"Cicero, IL",0.7838
17031843100,"Lawndale, Chicago, IL",0.7827
17031823400,"Blue Island, IL",0.7815
17031140301,"Albany Park, Chicago, IL",0.7811
17031120100,"Forest Glen, Chicago, IL",0.7807
17031070200,"Lincoln Park, Chicago, IL",0.7805
17031250400,"Austin, Chicago, IL",0.7803
17031817300,"Maywood, IL",0.7802
17031430800,"South Side, Chicago, IL",0.7801
17031340500,"Armour Square, Chicago, IL",0.78
17031813900,"Cicero, IL",0.7799
17197881001,"Lockport, IL",0.7798
17031480200,"South Side, Chicago, IL",0.7797
17031490500,"Roseland, Chicago, IL",0.7794
17031530300,"South Side, Chicago, IL",0.7788
17031842300,"West Town, Chicago, IL",0.7786
17031200401,"Hermosa, Chicago, IL",0.7784
18089030200,"East Chicago, IN",0.7783
17031220701,"Logan Square, Chicago, IL",0.7773
17031823002,"Chicago Ridge, IL",0.7772
17031090100,"Edison Park, Chicago, IL",0.7769
17031650302,"South Side, Chicago, IL",0.7769
17031283200,"University Village / Little Italy, Chicago, IL",0.7768
17031813200,"Oak Park, IL",0.7758
17031250600,"Austin, Chicago, IL",0.7754
17031691000,"South Side, Chicago, IL",0.7754
17031540102,"Golden Gate, Chicago, IL",0.7753
17031843700,"North Center, Chicago, IL",0.7752
17031241500,"West Town, Chicago, IL",0.7747
17031815400,"Berwyn, IL",0.7746
17031030800,"Edgewater, Chicago, IL",0.7743
17031140702,"Albany Park, Chicago, IL",0.7742
17031830900,"Logan Square, Chicago, IL",0.7742
17031805112,"Des Plaines, IL",0.7741
17031815701,"Riverside, IL",0.7737
17031808302,"Morton Grove, IL",0.7732
17031821401,"Calumet Park, IL",0.7729
17031580700,"Brighton Park, Chicago, IL",0.7729
17031812801,"Oak Park, IL",0.7726
17031671900,"Englewood, Chicago, IL",0.7726
17031820104,"Countryside, IL",0.7726
17031130200,"North Park, Chicago, IL",0.7723
17031770201,"Elk Grove Village, IL",0.7723
17031670500,"Englewood, Chicago, IL",0.7721
17043844801,"Downers Grove, IL",0.7719
17031230800,"Humboldt Park, Chicago, IL",0.7714
17031810301,"Evanston, IL",0.7714
17031081800,"River North, Chicago, IL",0.7712
17031221400,"Logan Square, Chicago, IL",0.7711
17031812500,"Oak Park, IL",0.771
17031720200,"Beverly, Chicago, IL",0.7708
17031200200,"Belmont Gardens, Chicago, IL",0.7702
17031243300,"West Town, Chicago, IL",0.7702
17031815000,"Berwyn, IL",0.7702
17031240900,"West Town, Chicago, IL",0.77
17031222800,"Logan Square, Chicago, IL",0.77
17031252102,"Austin, Chicago, IL",0.7698
17031040201,"Lincoln Square, Chicago, IL",0.7697
17031071800,"Lincoln Park, Chicago, IL",0.7695
17031834500,"South Side, Chicago, IL",0.7693
17031010100,"Rogers Park, Chicago, IL",0.7693
17031251300,"South Austin, Chicago, IL",0.7692
17031400800,"South Side, Chicago, IL",0.7688
17031190701,"Belmont Cragin, Chicago, IL",0.7685
17031811701,"Melrose Park, IL",0.7683
18089031000,"East Chicago, IN",0.7682
17031821402,"Calumet Park, IL",0.7681
17031271400,"East Garfield Park, Chicago, IL",0.7679
17031620200,"South Side, Chicago, IL",0.7679
17031827000,"Harvey, IL",0.7678
17031814400,"Cicero, IL",0.7674
17031411200,"Hyde Park, Chicago, IL",0.7674
17031242500,"West Town, Chicago, IL",0.7673
17031070101,"Lincoln Park, Chicago, IL",0.7671
17031826402,"Dolton, IL",0.7668
17043844501,"Villa Park, IL",0.7668
17043846702,"Addison, IL",0.7664
17031640800,"South Side, Chicago, IL",0.7663
17031650500,"South Side, Chicago, IL",0.7663
17031600400,"Bridgeport, Chicago, IL",0.7663
17031560100,"South Side, Chicago, IL",0.766
18089020100,"Whiting, IN",0.7658
17031440700,"South Side, Chicago, IL",0.7656
17031807400,"Skokie, IL",0.7655
17043845807,"Downers Grove, IL",0.7653
18089030400,"East Chicago, IN",0.7651
17031390700,"East Hyde Park, Chicago, IL",0.7649
17031251500,"Austin, Chicago, IL",0.7647
17031240800,"West Town, Chicago, IL",0.7645
17031840300,"McKinley Park, Chicago, IL",0.7644
17031200300,"Hermosa, Chicago, IL",0.7643
17031810900,"Elmwood Park, IL",0.7639
17031750200,"South Side, Chicago, IL",0.7638
17031230900,"Humboldt Park, Chicago, IL",0.7635
17031670300,"Englewood, Chicago, IL",0.7633
17031711300,"Auburn Gresham, Chicago, IL",0.7633
17031820605,"Hickory Hills, IL",0.7632
17031480400,"Calumet Heights, Chicago, IL",0.7632
17043845510,"Westmont, IL",0.7631
17031242700,"Humboldt Park, Chicago, IL",0.7631
17031490400,"Roseland, Chicago, IL",0.763
17031060900,"Lake View East, Chicago, IL",0.7628
17031700402,"Ashburn, Chicago, IL",0.7626
17031817900,"Broadview, IL",0.7626
17031110200,"Gladstone Park, Chicago, IL",0.7625
17031230400,"Humboldt Park, Chicago, IL",0.7623
17031818000,"Broadview, IL",0.7623
17043845509,"Westmont, IL",0.7622
17031080400,"Old Town, Chicago, IL",0.762
17031822500,"Oak Lawn, IL",0.7619
17043843301,"Lombard, IL",0.7619
17031816100,"Forest Park, IL",0.7618
17031520300,"East Side, Chicago, IL",0.7617
17031818500,"Westchester, IL",0.7617
17031720600,"South Side, Chicago, IL",0.7612
17031814800,"Berwyn, IL",0.7611
17031030500,"Magnolia Glen, Chicago, IL",0.761
17031150502,"Portage Park, Chicago, IL",0.761
17031230200,"Humboldt Park, Chicago, IL",0.7609
17031832000,"Lake View, Chicago, IL",0.7607
17031250800,"Austin, Chicago, IL",0.7605
17031822701,"Oak Lawn, IL",0.7603
17031842400,"South Side, Chicago, IL",0.7603
17031823302,"Chicago, IL",0.7602
17031806502,"Des Plaines, IL",0.7602
17031520200,"East Side, Chicago, IL",0.76
17031700501,"South Side, Chicago, IL",0.7599
17031561000,"South Side, Chicago, IL",0.7594
17031818300,"Hillside, IL",0.7591
17031430101,"South Shore, Chicago, IL",0.7587
17031811401,"Franklin Park, IL",0.7586
17031230100,"Humboldt Park, Chicago, IL",0.7584
17031821200,"Blue Island, IL",0.7582
17031843200,"Heart of Chicago, Chicago, IL",0.7582
17031230700,"Humboldt Park, Chicago, IL",0.7582
17043840705,"Elmhurst, IL",0.758
17031826500,"Chicago, IL",0.758
17031351500,"Bronzeville, Chicago, IL",0.758
17031230300,"Humboldt Park, Chicago, IL",0.7579
17031822000,"Hometown, IL",0.7579
17043845502,"Willowbrook, IL",0.7577
17031711400,"South Side, Chicago, IL",0.7575
17031805111,"Des Plaines, IL",0.757
17031221000,"Logan Square, Chicago, IL",0.757
17031600700,"Bridgeport, Chicago, IL",0.7568
17031200402,"Hermosa, Chicago, IL",0.7567
17031221200,"Logan Square, Chicago, IL",0.7565
17031241300,"West Town, Chicago, IL",0.7564
17031600900,"South Side, Chicago, IL",0.7561
17031140800,"Albany Park, Chicago, IL",0.756
17031825802,"Calumet City, IL",0.7558
17031170600,"Dunning, Chicago, IL",0.7557
17031310700,"Lower West Side, Chicago, IL",0.7557
18089020300,"Hammond, IN",0.7556
17031071300,"Lincoln Park, Chicago, IL",0.7556
17031824701,"Midlothian, IL",0.7554
17031210900,"Avondale, Chicago, IL",0.7553
17031040402,"Lincoln Square, Chicago, IL",0.7551
18089020400,"Hammond, IN",0.755
17031817000,"Bellwood, IL",0.7549
17031711000,"Auburn Gresham, Chicago, IL",0.7548
17031440201,"South Side, Chicago, IL",0.7547
17031381200,"Bronzeville, Chicago, IL",0.7546
17031500100,"Cottage Grove Heights, Chicago, IL",0.7546
17031062000,"Boystown, Chicago, IL",0.7545
17031814500,"Cicero, IL",0.7545
17031410800,"Hyde Park, Chicago, IL",0.7542
17031711500,"Auburn Gresham, Chicago, IL",0.7541
17031750400,"Kennedy Park, Chicago, IL",0.7541
17031808002,"Lincolnwood, IL",0.754
17031841500,"Lawndale, Chicago, IL",0.7539
17031490600,"Longwood Manor, Chicago, IL",0.7538
17031842500,"Greater Grand Crossing, Chicago, IL",0.7537
17031381800,"South Side, Chicago, IL",0.7531
17031816500,"Stone Park, IL",0.7531
17031020902,"West Ridge, Chicago, IL",0.7531
17031750600,"South Side, Chicago, IL",0.753
17043844201,"Lombard, IL",0.7529
17031815800,"Hollywood, Brookfield, IL",0.7529
17031191000,"Belmont Cragin, Chicago, IL",0.7529
17043845701,"Downers Grove, IL",0.7528
17031030104,"Edgewater, Chicago, IL",0.7527
17031241000,"Humboldt Park, Chicago, IL",0.7526
17031160400,"Irving Park, Chicago, IL",0.7523
17031770500,"Des Plaines, IL",0.7523
17043840703,"Bensenville, IL",0.7522
17031440800,"South Side, Chicago, IL",0.752
17031821002,"Burbank, IL",0.752
17031491300,"Roseland, Chicago, IL",0.7519
17031815200,"Berwyn, IL",0.7516
17031251700,"Austin, Chicago, IL",0.7514
17031190602,"Belmont Central, Chicago, IL",0.7513
17031251400,"Austin, Chicago, IL",0.7511
17031838200,"Illinois Medical District, Chicago, IL",0.7511
17031806600,"Des Plaines, IL",0.751
17031824400,"Crestwood, IL",0.7508
17031070700,"Lincoln Park, Chicago, IL",0.7507
17031820700,"Berwyn, IL",0.7506
17031831300,"West Humboldt Park, Chicago, IL",0.7506
17031100300,"Norwood Park, Chicago, IL",0.7505
17031730700,"South Side, Chicago, IL",0.7504
17031480500,"South Side, Chicago, IL",0.7504
17031823500,"Blue Island, IL",0.7502
17031770300,"Elk Grove Village, IL",0.7502
17031292200,"Lawndale, Chicago, IL",0.7502
17031650400,"South Side, Chicago, IL",0.7501
17031822200,"Oak Lawn, IL",0.75
17031030900,"Edgewater, Chicago, IL",0.75
17031823604,"Palos Heights, IL",0.75
17031840000,"Bridgeport, Chicago, IL",0.75
17031700302,"Ashburn, Chicago, IL",0.7499
17031570200,"Archer Heights, Chicago, IL",0.7498
17031222700,"Logan Square, Chicago, IL",0.7494
17031825801,"Calumet City, IL",0.7494
17031430500,"South Side, Chicago, IL",0.7494
17031813500,"Cicero, IL",0.7492
17031430700,"South Side, Chicago, IL",0.7491
17031805501,"Park Ridge, IL",0.749
17043845802,"Darien, IL",0.7489
17031210700,"Avondale, Chicago, IL",0.7489
18089010304,"Gary, IN",0.7488
18089030800,"East Chicago, IN",0.7487
17031251900,"Austin, Chicago, IL",0.7486
17031820201,"Burr Ridge, IL",0.7483
17031832200,"Bucktown, Chicago, IL",0.7483
17031817102,"Bellwood, IL",0.7483
17031831400,"Austin, Chicago, IL",0.7482
17031630500,"Gage Park, Chicago, IL",0.7481
17031812100,"Oak Park, IL",0.7481
17031040300,"Budlong Woods, Chicago, IL",0.748
17031610300,"Back of the Yards, Chicago, IL",0.7479
17031250700,"Austin, Chicago, IL",0.7477
17043840706,"Elmhurst, IL",0.7477
17031813100,"Oak Park, IL",0.7476
17031824113,"Orland Park, IL",0.7476
17031051100,"Roscoe Village, Chicago, IL",0.7476
17031010201,"Rogers Park, Chicago, IL",0.7475
17031580200,"Brighton Park, Chicago, IL",0.7475
17031807600,"Skokie, IL",0.7475
17031837800,"Near West Side, Chicago, IL",0.7474
17031842600,"South Side, Chicago, IL",0.7474
17031831200,"Hermosa, Chicago, IL",0.7471
17031260400,"Garfield Park, Chicago, IL",0.7471
17031820103,"La Grange, IL",0.747
17031440600,"South Side, Chicago, IL",0.747
17031261000,"Garfield Park, Chicago, IL",0.7468
17031301801,"Little Village, Chicago, IL",0.7467
17031251600,"Austin, Chicago, IL",0.7467
17031711100,"South Side, Chicago, IL",0.7467
17043843100,"Villa Park, IL",0.7466
17031670400,"Englewood, Chicago, IL",0.7466
17031100500,"Norwood Park, Chicago, IL",0.7466
17031822601,"Oak Lawn, IL",0.7464
17031520400,"South Side, Chicago, IL",0.7464
17031590500,"South Side, Chicago, IL",0.7462
17031817500,"Maywood, IL",0.7459
17031711200,"Auburn Gresham, Chicago, IL",0.7458
17031824503,"Midlothian, IL",0.7458
17031821500,"Riverdale, IL",0.7457
17031020400,"West Ridge, Chicago, IL",0.7457
17031831900,"Lake View, Chicago, IL",0.7457
17031031400,"Uptown, Chicago, IL",0.7456
17031836600,"Humboldt Park, Chicago, IL",0.7455
17031490300,"South Side, Chicago, IL",0.7454
17031835100,"Gage Park, Chicago, IL",0.7453
17043840801,"Bensenville, IL",0.7453
17031811800,"Northlake, IL",0.7452
17031430102,"South Shore, Chicago, IL",0.7452
17031030300,"Edgewater, Chicago, IL",0.7451
17031839700,"Bridgeport, Chicago, IL",0.7451
17031252202,"Austin, Chicago, IL",0.7447
17031390400,"Kenwood, Chicago, IL",0.7446
17031661100,"South Side, Chicago, IL",0.7445
17031770700,"Rosemont, IL",0.7444
17043843000,"Elmhurst, IL",0.7443
17031710600,"South Side, Chicago, IL",0.7443
17031700401,"South Side, Chicago, IL",0.7442
17031161200,"Kilbourn Park, Chicago, IL",0.7441
17031814900,"Berwyn, IL",0.7441
17031250300,"Austin, Chicago, IL",0.7441
17031817400,"Maywood, IL",0.7439
17031071400,"Lincoln Park, Chicago, IL",0.7436
17031030101,"Edgewater, Chicago, IL",0.7436
17031460100,"South Chicago, Chicago, IL",0.7436
17031813802,"Cicero, IL",0.7433
17031816200,"Melrose Park, IL",0.7433
17031815600,"North Riverside, IL",0.7429
17031271200,"East Garfield Park, Chicago, IL",0.7429
17031842100,"Humboldt Park, Chicago, IL",0.7429
17031671600,"Englewood, Chicago, IL",0.7428
17031841300,"Heart of Chicago, Chicago, IL",0.7427
17031221100,"Logan Square, Chicago, IL",0.7426
17031440300,"South Side, Chicago, IL",0.7425
17031160700,"Irving Park East, Chicago, IL",0.7422
17031040202,"Budlong Woods, Chicago, IL",0.7422
17031520100,"East Side, Chicago, IL",0.7421
17031500200,"South Side, Chicago, IL",0.7421
17031681100,"Englewood, Chicago, IL",0.742
17031640600,"South Side, Chicago, IL",0.742
17031842000,"Bronzeville, Chicago, IL",0.7416
17031830600,"Rogers Park, Chicago, IL",0.7415
17031210400,"Avondale, Chicago, IL",0.7414
17031817200,"Maywood, IL",0.7412
17031251100,"Austin, Chicago, IL",0.7411
17031815300,"Chicago, IL",0.7411
17031420600,"South Side, Chicago, IL",0.741
17031010701,"Rogers Park, Chicago, IL",0.7408
17031460700,"South Chicago, Chicago, IL",0.7407
17031815100,"Berwyn, IL",0.7407
17031824702,"Midlothian, IL",0.7407
17031810200,"Evanston, IL",0.7406
17031681300,"Englewood, Chicago, IL",0.7405
17031420300,"South Side, Chicago, IL",0.7405
17043845809,"Downers Grove, IL",0.7404
17031824005,"Lemont, IL",0.7403
17031830700,"Uptown, Chicago, IL",0.7403
17031100600,"Norwood Park, Chicago, IL",0.7402
17031063301,"Lake View East, Chicago, IL",0.7402
17031710900,"Auburn Gresham, Chicago, IL",0.7401
17031240200,"West Town, Chicago, IL",0.74
17031381400,"South Side, Chicago, IL",0.7396
17031530503,"South Side, Chicago, IL",0.7396
17031140500,"Albany Park, Chicago, IL",0.7396
17031030400,"Edgewater, Chicago, IL",0.7393
17043840303,"Addison, IL",0.7392
17031490902,"South Side, Chicago, IL",0.7392
17031611200,"Back of the Yards, Chicago, IL",0.739
17031292500,"Lawndale, Chicago, IL",0.739
17031730201,"South Side, Chicago, IL",0.7389
17031031000,"Uptown, Chicago, IL",0.7389
17031842800,"Brighton Park, Chicago, IL",0.7388
17031580400,"Brighton Park, Chicago, IL",0.7387
17031242000,"Noble Square, Chicago, IL",0.7387
17031730600,"South Side, Chicago, IL",0.7387
17031832300,"Bucktown, Chicago, IL",0.7384
17031310300,"Lower West Side, Chicago, IL",0.7383
17031817101,"Bellwood, IL",0.7381
17031813000,"Oak Park, IL",0.738
17031240600,"West Town, Chicago, IL",0.738
17031836900,"East Garfield Park, Chicago, IL",0.7376
17031720700,"Beverly, Chicago, IL",0.7375
17031191301,"Belmont Cragin, Chicago, IL",0.7372
17031220902,"Logan Square, Chicago, IL",0.7371
17031230600,"Humboldt Park, Chicago, IL",0.7369
17031821300,"Blue Island, IL",0.7368
17031221300,"Logan Square, Chicago, IL",0.7366
17031430600,"South Shore, Chicago, IL",0.7365
17031510200,"South Side, Chicago, IL",0.7365
17031460302,"South Chicago, Chicago, IL",0.7364
17031839600,"Bronzeville, Chicago, IL",0.7364
17031461000,"South Chicago, Chicago, IL",0.736
17031838100,"Near West Side, Chicago, IL",0.736
17031420100,"South Side, Chicago, IL",0.7357
17031691500,"Grand Crossing, Chicago, IL",0.7357
17031816000,"Forest Park, IL",0.7356
17031640100,"South Side, Chicago, IL",0.7355
17031010400,"Rogers Park, Chicago, IL",0.7354
17043845811,"Willowbrook, IL",0.7353
17031460301,"South Side, Chicago, IL",0.7352
17031420500,"South Side, Chicago, IL",0.7352
17031818700,"Brookfield, IL",0.7351
17031410200,"Hyde Park, Chicago, IL",0.735
17031020301,"West Ridge, Chicago, IL",0.7349
17031811702,"Melrose Park, IL",0.7349
17031420400,"South Side, Chicago, IL",0.7348
17031805802,"Park Ridge, IL",0.7348
17031291600,"Douglas Park, Chicago, IL",0.7347
17031242200,"West Town, Chicago, IL",0.7345
18089030300,"East Chicago, IN",0.7343
17031231200,"Humboldt Park, Chicago, IL",0.7341
17031820400,"Summit, IL",0.734
17031271800,"East Garfield Park, Chicago, IL",0.734
17043845803,"Lemont, IL",0.7339
17031830800,"Lincoln Square, Chicago, IL",0.7339
17031630900,"Gage Park, Chicago, IL",0.7338
17031820901,"Burbank, IL",0.7337
17031710500,"Auburn Gresham, Chicago, IL",0.7337
17031750500,"Morgan Park, Chicago, IL",0.7336
17031819200,"Lyons, IL",0.7336
17031020100,"West Ridge, Chicago, IL",0.7336
17031825900,"Calumet City, IL",0.7335
17031310800,"Heart of Chicago, Chicago, IL",0.7335
17031210602,"Avondale, Chicago, IL",0.7335
17031050200,"North Center, Chicago, IL",0.7334
17031530400,"South Side, Chicago, IL",0.7334
17031807900,"Lincolnwood, IL",0.7334
17031260900,"Garfield Park, Chicago, IL",0.7332
17031843000,"Lawndale, Chicago, IL",0.7331
17031836000,"Bronzeville, Chicago, IL",0.733
17031191100,"Belmont Cragin, Chicago, IL",0.733
17031818800,"Brookfield, IL",0.7329
17031720500,"South Side, Chicago, IL",0.7329
17031030701,"Edgewater, Chicago, IL",0.7327
17031814300,"Cicero, IL",0.7326
17031231100,"Humboldt Park, Chicago, IL",0.7326
17031140302,"Albany Park, Chicago, IL",0.7326
17031242400,"Ukrainian Village, Chicago, IL",0.7325
17031700100,"Ashburn, Chicago, IL",0.7323
17031817600,"Maywood, IL",0.7323
17031020901,"West Ridge, Chicago, IL",0.7322
17031811302,"Franklin Park, IL",0.7322
17031040900,"Lincoln Square, Chicago, IL",0.7321
17031811600,"Schiller Park, IL",0.732
17031480300,"South Side, Chicago, IL",0.7319
17043840802,"Bensenville, IL",0.7316
17031815702,"Riverside, IL",0.7316
17031840700,"Little Village, Chicago, IL",0.7315
17031815500,"Berwyn, IL",0.7314
17031510300,"Jeffrey Manor, Chicago, IL",0.7313
17031620300,"South Side, Chicago, IL",0.7312
17031160800,"Irving Park, Chicago, IL",0.731
17031814600,"Berwyn, IL",0.7309
17031811301,"Melrose Park, IL",0.7308
17031770400,"Elk Grove Village, IL",0.7308
17031841900,"University Village / Little Italy, Chicago, IL",0.7305
17031440102,"East Chatham, Chicago, IL",0.7305
17031808200,"Niles, IL",0.7305
17031040700,"Lincoln Square, Chicago, IL",0.7305
17031440101,"East Chatham, Chicago, IL",0.7305
17031251200,"Austin, Chicago, IL",0.7304
17031836700,"East Garfield Park, Chicago, IL",0.7303
17031220300,"Logan Square, Chicago, IL",0.7303
17031282700,"Lawndale, Chicago, IL",0.7303
17031150600,"Portage Park, Chicago, IL",0.7302
17031826700,"Riverdale, IL",0.7301
17031160200,"Old Irving Park, Chicago, IL",0.7301
17031814100,"Cicero, IL",0.7301
17031839900,"Bridgeport, Chicago, IL",0.73
17031811500,"Franklin Park, IL",0.7298
17031151001,"Cragin, Chicago, IL",0.7297
17031681400,"Englewood, Chicago, IL",0.7296
17031814700,"Berwyn, IL",0.7294
17031691400,"South Side, Chicago, IL",0.7293
17031730500,"South Side, Chicago, IL",0.7293
17043843900,"Elmhurst, IL",0.7292
17031730300,"Brainerd, Chicago, IL",0.7291
17031838700,"Lawndale, Chicago, IL",0.729
17031730400,"South Side, Chicago, IL",0.7289
17031835000,"Chicago Lawn, Chicago, IL",0.7289
17031320600,"South Loop, Chicago, IL",0.7289
17031220602,"Logan Square, Chicago, IL",0.7287
17031431400,"South Shore, Chicago, IL",0.7286
17043843700,"Villa Park, IL",0.7284
17031040401,"Lincoln Square, Chicago, IL",0.7283
17031832500,"Lincoln Park, Chicago, IL",0.7281
17031837300,"East Garfield Park, Chicago, IL",0.7279
17031491100,"South Side, Chicago, IL",0.7279
17031834200,"South Shore, Chicago, IL",0.7277
17031832100,"Lake View, Chicago, IL",0.7276
17031660800,"South Side, Chicago, IL",0.7276
18089020200,"Whiting, IN",0.7275
17031835900,"Bronzeville, Chicago, IL",0.7274
17031825700,"Chicago, IL",0.7273
17031843300,"Douglas Park, Chicago, IL",0.7273
17031530100,"South Side, Chicago, IL",0.7273
17031823001,"Chicago Ridge, IL",0.7273
17031491200,"South Side, Chicago, IL",0.727
17031834300,"Avalon Park, Chicago, IL",0.7268
17031010702,"Rogers Park, Chicago, IL",0.7267
17031063302,"Lake View East, Chicago, IL",0.7267
17031040600,"Lincoln Square, Chicago, IL",0.7267
17031540101,"South Side, Chicago, IL",0.7259
17031611100,"Back of the Yards, Chicago, IL",0.7258
17031750100,"Morgan Park, Chicago, IL",0.7256
17031020801,"West Ridge, Chicago, IL",0.7254
17031260600,"Garfield Park, Chicago, IL",0.7254
17031080201,"Near North Side, Chicago, IL",0.7253
17031681000,"Englewood, Chicago, IL",0.7253
17031710400,"South Side, Chicago, IL",0.7251
17031240700,"West Town, Chicago, IL",0.7248
17031813400,"Cicero, IL",0.7248
17031820501,"Bridgeview, IL",0.7246
17031836100,"South Side, Chicago, IL",0.7243
17031843800,"South Side, Chicago, IL",0.7241
17031690500,"Greater Grand Crossing, Chicago, IL",0.724
17031821600,"Evergreen Park, IL",0.724
17031410100,"South Side, Chicago, IL",0.7238
17031807800,"Skokie, IL",0.7236
17031220901,"Logan Square, Chicago, IL",0.7236
17031560200,"South Side, Chicago, IL",0.7236
17031242600,"Humboldt Park, Chicago, IL",0.7235
17031440900,"South Side, Chicago, IL",0.7234
17031460400,"South Chicago, Chicago, IL",0.7233
17031817700,"Maywood, IL",0.7231
17031710200,"Auburn Gresham, Chicago, IL",0.7231
17031252000,"Austin, Chicago, IL",0.7231
17031200100,"Belmont Gardens, Chicago, IL",0.7229
17031819100,"Lyons, IL",0.7228
17031838800,"South Deering, Chicago, IL",0.7226
17031190900,"Belmont Cragin, Chicago, IL",0.7223
17031823603,"Robbins, IL",0.7222
17031140701,"Albany Park, Chicago, IL",0.7222
17031251000,"Austin, Chicago, IL",0.722
17031310200,"East Pilsen, Chicago, IL",0.722
17043844307,"Lombard, IL",0.722
17031832400,"Logan Square, Chicago, IL",0.7218
17031430200,"South Shore, Chicago, IL",0.7217
17031291200,"North Lawndale, Chicago, IL",0.7215
17031421200,"Park Manor, Chicago, IL",0.7215
17031010202,"Rogers Park, Chicago, IL",0.7215
17031301701,"Little Village, Chicago, IL",0.7213
17031032100,"Uptown, Chicago, IL",0.7213
17031812900,"Oak Park, IL",0.7211
17031841200,"Heart of Chicago, Chicago, IL",0.721
17031140602,"Albany Park, Chicago, IL",0.721
17031170300,"Dunning, Chicago, IL",0.721
17031260800,"East Garfield Park, Chicago, IL",0.7209
17031808100,"Niles, IL",0.7209
17031834400,"South Side, Chicago, IL",0.7207
17031431200,"South Side, Chicago, IL",0.7207
17031823605,"Palos Heights, IL",0.7205
17031819600,"La Grange, IL",0.7203
17031160601,"Irving Park, Chicago, IL",0.7201
17043846701,"Addison, IL",0.7201
17031490800,"Roseland, Chicago, IL",0.72
17031824800,"Posen, IL",0.7199
17031630100,"Gage Park, Chicago, IL",0.7198
17031031501,"Uptown, Chicago, IL",0.7197
17031823304,"Merrionette Park, IL",0.7197
17031031100,"Uptown, Chicago, IL",0.7196
17031490901,"South Side, Chicago, IL",0.7196
17031671100,"Englewood, Chicago, IL",0.7196
17043840600,"Elmhurst, IL",0.7195
17031030706,"Edgewater Beach, Chicago, IL",0.7192
17031221600,"Bucktown, Chicago, IL",0.7192
17031819400,"Brookfield, IL",0.7191
17031160602,"Irving Park, Chicago, IL",0.719
17043840104,"Addison, IL",0.7189
17031300900,"Marshall Square, Chicago, IL",0.7186
17031252201,"Austin, Chicago, IL",0.7186
17031400300,"South Side, Chicago, IL",0.7184
17031843600,"South Side, Chicago, IL",0.7184
17031813702,"Cicero, IL",0.7183
17031530200,"South Side, Chicago, IL",0.7182
17031824116,"Orland Park, IL",0.7182
17031710800,"Auburn Gresham, Chicago, IL",0.7182
17031310900,"Heart of Chicago, Chicago, IL",0.7182
17031660500,"South Side, Chicago, IL",0.7174
17031822400,"Oak Lawn, IL",0.7173
17031190800,"Belmont Cragin, Chicago, IL",0.7172
17043844601,"Oak Brook, IL",0.7171
17031020702,"West Rogers Park, Chicago, IL",0.7171
17031831800,"North Park, Chicago, IL",0.7171
17031420700,"South Side, Chicago, IL",0.7169
17031301702,"Little Village, Chicago, IL",0.7168
17031813600,"Cicero, IL",0.7166
17031816600,"Stone Park, IL",0.7166
17043846603,"Addison, IL",0.7165
17031811200,"River Grove, IL",0.7164
17031816402,"Melrose Park, IL",0.7162
17031826600,"Riverdale, IL",0.7162
17031221500,"Logan Square, Chicago, IL",0.7161
17043846604,"Addison, IL",0.716
17043840704,"Bensenville, IL",0.716
17031010501,"Rogers Park, Chicago, IL",0.7157
17031081700,"River North, Chicago, IL",0.7156
17031822702,"Oak Lawn, IL",0.7155
17031222900,"Logan Square, Chicago, IL",0.7155
17031062700,"Lake View, Chicago, IL",0.7155
17031500300,"South Side, Chicago, IL",0.7155
17031030604,"Edgewater Beach, Chicago, IL",0.7154
17031440202,"South Side, Chicago, IL",0.7153
17031063000,"Lake View, Chicago, IL",0.7153
17031301802,"Little Village, Chicago, IL",0.7151
17031640500,"South Side, Chicago, IL",0.7151
17031160100,"Irving Park, Chicago, IL",0.715
17031490700,"Fernwood, Chicago, IL",0.715
17031110501,"Jefferson Park, Chicago, IL",0.7149
17031140601,"Albany Park, Chicago, IL",0.7148
17043844306,"Villa Park, IL",0.7148
17031020802,"West Ridge, Chicago, IL",0.7147
17031510100,"South Deering, Chicago, IL",0.7146
17031670900,"Englewood, Chicago, IL",0.7144
17031821102,"Oak Lawn, IL",0.7141
17031580100,"Brighton Park, Chicago, IL",0.714
17031670800,"Englewood, Chicago, IL",0.7139
17043840102,"Wood Dale, IL",0.7137
17031770902,"Chicago, IL",0.7137
17031839200,"Bronzeville, Chicago, IL",0.7137
17031660600,"Chicago Lawn, Chicago, IL",0.7136
17031410600,"Hyde Park, Chicago, IL",0.7136
17031530600,"South Side, Chicago, IL",0.7131
17031826800,"Dixmoor, IL",0.7126
17031813801,"Cicero, IL",0.7126
17031431301,"South Shore, Chicago, IL",0.7126
17031833000,"Near West Side, Chicago, IL",0.7125
17031330100,"Near South Side, Chicago, IL",0.7124
17031062900,"Lake View, Chicago, IL",0.7124
17031590600,"McKinley Park, Chicago, IL",0.7121
17031840800,"Little Village, Chicago, IL",0.712
17043845402,"Hinsdale, IL",0.7118
17031805402,"Niles, IL",0.7118
17031840400,"McKinley Park, Chicago, IL",0.7118
17031301600,"Little Village, Chicago, IL",0.7117
17043843200,"Villa Park, IL",0.7117
17031280400,"Near West Side, Chicago, IL",0.7116
17031834800,"Englewood, Chicago, IL",0.7116
17031010503,"Rogers Park, Chicago, IL",0.7116
17031020500,"West Ridge, Chicago, IL",0.7114
17031822102,"Oak Lawn, IL",0.7113
17031400400,"South Side, Chicago, IL",0.7111
17031830500,"Little Village, Chicago, IL",0.711
17031831500,"Belmont Cragin, Chicago, IL",0.711
17031242800,"West Town, Chicago, IL",0.7109
17031560900,"South Side, Chicago, IL",0.7107
17031243200,"West Town, Chicago, IL",0.7104
18089040200,"Whiting, IN",0.7104
17031191302,"Belmont Central, Chicago, IL",0.7104
17031841800,"South Side, Chicago, IL",0.7104
17031611800,"South Side, Chicago, IL",0.7104
17031170700,"Belmont Heights, Chicago, IL",0.7102
17031031300,"Uptown, Chicago, IL",0.7102
17031630300,"Gage Park, Chicago, IL",0.7099
17031840100,"Bridgeport, Chicago, IL",0.7099
17031070102,"Lincoln Park, Chicago, IL",0.7098
17031660302,"Chicago Lawn, Chicago, IL",0.7098
17043845200,"Hinsdale, IL",0.7096
17031822802,"Oak Lawn, IL",0.7095
17031831100,"Avondale, Chicago, IL",0.7093
17031833900,"South Side, Chicago, IL",0.7092
17031807700,"Skokie, IL",0.7092
17031672000,"Englewood, Chicago, IL",0.7091
17031250200,"Austin, Chicago, IL",0.7091
17031612100,"South Side, Chicago, IL",0.7087
17031061901,"Lake View East, Chicago, IL",0.7087
17031252101,"Austin, Chicago, IL",0.7086
17031431302,"South Shore, Chicago, IL",0.7086
17031823101,"Worth, IL",0.7085
17031380200,"Bronzeville, Chicago, IL",0.7083
17031691100,"South Side, Chicago, IL",0.7083
17031760803,"O'Hare, Chicago, IL",0.7081
17031811100,"River Grove, IL",0.708
17031300600,"Little Village, Chicago, IL",0.7075
17031220702,"Logan Square, Chicago, IL",0.7075
17031063303,"Lake View East, Chicago, IL",0.7074
17031031200,"Uptown, Chicago, IL",0.7073
17031301803,"Little Village, Chicago, IL",0.7072
17031530501,"South Side, Chicago, IL",0.7071
17031283800,"University Village / Little Italy, Chicago, IL",0.707
17031020302,"West Ridge, Chicago, IL",0.707
17031824300,"Robbins, IL",0.707
17031170900,"Belmont Heights, Chicago, IL",0.7069
17031834000,"Princeton Park, Chicago, IL",0.7069
17031818900,"La Grange Park, IL",0.7069
17031260700,"Garfield Park, Chicago, IL",0.7065
17031580502,"Brighton Park, Chicago, IL",0.7065
17031290900,"Lawndale, Chicago, IL",0.7063
17031610400,"Back of the Yards, Chicago, IL",0.7063
17031190100,"Belmont Cragin, Chicago, IL",0.7061
17031191200,"Belmont Cragin, Chicago, IL",0.7061
17031081000,"Near North, Chicago, IL",0.706
17031630400,"South Side, Chicago, IL",0.7055
17031611600,"Back of the Yards, Chicago, IL",0.7055
17031031700,"Uptown, Chicago, IL",0.7053
17031020701,"Peterson Park, Chicago, IL",0.7051
17031271500,"East Garfield Park, Chicago, IL",0.705
17043845902,"Burr Ridge, IL",0.705
17031160502,"Irving Park, Chicago, IL",0.705
17031818600,"La Grange Park, IL",0.7049
17031820502,"Bridgeview, IL",0.7049
17031838300,"Cabrini-Green, Chicago, IL",0.7048
17031150401,"Portage Park, Chicago, IL",0.7047
17031300700,"Little Village, Chicago, IL",0.7045
17031051400,"West Lakeview, Chicago, IL",0.7045
17031410500,"Hyde Park, Chicago, IL",0.7044
17031081100,"Near North, Chicago, IL",0.7044
17031823806,"Worth, IL",0.7044
17031282800,"Near West Side, Chicago, IL",0.7043
17031381900,"South Side, Chicago, IL",0.7043
17031060200,"Lake View, Chicago, IL",0.7042
17031070300,"Lincoln Park, Chicago, IL",0.7041
17031251800,"Austin, Chicago, IL",0.704
17031580300,"South Side, Chicago, IL",0.7038
17031520500,"East Side, Chicago, IL",0.7038
17031031502,"Uptown, Chicago, IL",0.7037
17031060100,"Lake View, Chicago, IL",0.7037
17031813701,"Cicero, IL",0.7037
17031620400,"South Side, Chicago, IL",0.7036
17043840103,"Wood Dale, IL",0.7036
17031460200,"South Chicago, Chicago, IL",0.7035
17043845401,"Burr Ridge, IL",0.7033
17031310600,"Lower West Side, Chicago, IL",0.7032
17031460500,"South Chicago, Chicago, IL",0.7031
17031190200,"Belmont Cragin, Chicago, IL",0.703
17031030703,"Edgewater, Chicago, IL",0.703
17043845506,"Westmont, IL",0.7028
17031835200,"Garfield Ridge, Chicago, IL",0.7027
17031020200,"West Ridge, Chicago, IL",0.7027
17031813301,"Cicero, IL",0.7025
17031820603,"Justice, IL",0.7025
17031810800,"Elmwood Park, IL",0.7024
17031700200,"South Side, Chicago, IL",0.7021
17043844305,"Lombard, IL",0.702
17031190601,"Belmont Central, Chicago, IL",0.7019
17031150402,"Portage Park, Chicago, IL",0.7019
17031151002,"Cragin, Chicago, IL",0.7019
17031580600,"Brighton Park, Chicago, IL",0.7018
17031210601,"Avondale, Chicago, IL",0.7016
17031691300,"South Side, Chicago, IL",0.7015
17031834600,"Englewood, Chicago, IL",0.7014
17043845602,"Downers Grove, IL",0.7014
17031812301,"Oak Park, IL",0.7014
17031833100,"Near West Side, Chicago, IL",0.7009
17031040800,"Lincoln Square, Chicago, IL",0.7005
17031243000,"West Town, Chicago, IL",0.7002
17031301100,"Little Village, Chicago, IL",0.7002
17031110100,"Jefferson Park, Chicago, IL",0.7
17031836400,"Oakland, Chicago, IL",0.7
17031807500,"Skokie, IL",0.6999
17031050700,"North Center, Chicago, IL",0.6998
17031351400,"Bronzeville, Chicago, IL",0.6998
17031826000,"Calumet City, IL",0.6998
17031340600,"Armour Square, Chicago, IL",0.6996
17031580501,"South Side, Chicago, IL",0.6991
17031822302,"Oak Lawn, IL",0.6988
17031816900,"Bellwood, IL",0.6987
17031031900,"Uptown, Chicago, IL",0.6987
17031420800,"South Side, Chicago, IL",0.6987
17031650301,"South Side, Chicago, IL",0.6986
17031241600,"Pulaski Park, Chicago, IL",0.6985
17031841600,"Lawndale, Chicago, IL",0.6984
17031671800,"Englewood, Chicago, IL",0.6984
17031140200,"Albany Park, Chicago, IL",0.6983
17031835800,"Bronzeville, Chicago, IL",0.6982
17031670600,"Englewood, Chicago, IL",0.6982
17031838000,"Near West Side, Chicago, IL",0.6981
17031210100,"Avondale, Chicago, IL",0.698
17031660400,"Chicago Lawn, Chicago, IL",0.6978
17031842200,"Goose Island, Chicago, IL",0.6978
17031620100,"South Side, Chicago, IL",0.6977
17031491000,"Roseland, Chicago, IL",0.6974
17031813302,"Chicago, IL",0.6974
17031814200,"Cicero, IL",0.697
17043844402,"Oak Brook, IL",0.6969
17031839500,"Bronzeville, Chicago, IL",0.6966
17031611400,"Back of the Yards, Chicago, IL",0.6965
17031161000,"Old Irving Park, Chicago, IL",0.6965
17031430400,"Grand Crossing, Chicago, IL",0.6963
17031570400,"South Side, Chicago, IL",0.6963
17031231500,"East Garfield Park, Chicago, IL",0.696
17031390300,"Kenwood, Chicago, IL",0.6959
17031450300,"South Side, Chicago, IL",0.6958
17031190702,"Belmont Cragin, Chicago, IL",0.6958
17031310500,"Lower West Side, Chicago, IL",0.6957
17031670100,"Englewood, Chicago, IL",0.6955
17031820300,"Summit, IL",0.6954
17031812700,"Oak Park, IL",0.6952
17031140400,"Albany Park, Chicago, IL",0.6948
17031260100,"East Garfield Park, Chicago, IL",0.6947
17031843400,"Lawndale, Chicago, IL",0.6943
17031061800,"Boystown, Chicago, IL",0.6942
17031120300,"Forest Glen, Chicago, IL",0.6942
17031691200,"Greater Grand Crossing, Chicago, IL",0.694
17031700502,"Ashburn, Chicago, IL",0.6939
17031351100,"Bronzeville, Chicago, IL",0.6939
17031140100,"Albany Park, Chicago, IL",0.6939
17031061500,"Lake View, Chicago, IL",0.6937
17031690300,"Greater Grand Crossing, Chicago, IL",0.6935
17031670200,"Englewood, Chicago, IL",0.6932
17031051200,"North Center, Chicago, IL",0.693
17031820902,"Burbank, IL",0.693
17031841700,"Little Village, Chicago, IL",0.693
17031250500,"Austin, Chicago, IL",0.6928
17031730202,"Brainerd, Chicago, IL",0.6928
17031838600,"Lawndale, Chicago, IL",0.6928
17031671300,"Englewood, Chicago, IL",0.6927
17031690400,"South Side, Chicago, IL",0.6926
17031810000,"Evanston, IL",0.6924
17031561100,"South Side, Chicago, IL",0.6922
17031170200,"Dunning, Chicago, IL",0.6921
17031710300,"Auburn Gresham, Chicago, IL",0.692
17031351000,"Bronzeville, Chicago, IL",0.6919
17031660900,"Chicago Lawn, Chicago, IL",0.6917
17043840101,"Wood Dale, IL",0.6911
17031815900,"Forest Park, IL",0.691
17031130100,"Pulaski Park, Chicago, IL",0.6907
17031380100,"Bronzeville, Chicago, IL",0.6906
17031690900,"Greater Grand Crossing, Chicago, IL",0.6903
17031010300,"Rogers Park, Chicago, IL",0.6903
17031491400,"Roseland, Chicago, IL",0.6903
17031680900,"Englewood, Chicago, IL",0.6901
17031330200,"Near South Side, Chicago, IL",0.6899
17031816700,"Northlake, IL",0.6896
17031670700,"South Side, Chicago, IL",0.6896
17031661000,"Chicago Lawn, Chicago, IL",0.6894
17031842900,"University Village / Little Italy, Chicago, IL",0.6894
17031824106,"Orland Park, IL",0.6893
17031812600,"Oak Park, IL",0.6892
17031130300,"Hollywood Park, Chicago, IL",0.6891
17031671500,"Englewood, Chicago, IL",0.689
17031671400,"Englewood, Chicago, IL",0.689
17031819300,"Brookfield, IL",0.6885
17031300500,"Little Village, Chicago, IL",0.6884
17031810502,"Norridge, IL",0.6881
17031420200,"South Side, Chicago, IL",0.6879
17031062400,"Lake View, Chicago, IL",0.6879
17031030603,"Edgewater, Chicago, IL",0.6878
17031010502,"Rogers Park, Chicago, IL",0.6876
17031300800,"South Lawndale, Chicago, IL",0.6874
17031681200,"South Side, Chicago, IL",0.6873
17031630800,"South Side, Chicago, IL",0.6872
17031150800,"Portage Park, Chicago, IL",0.6871
17031220400,"Logan Square, Chicago, IL",0.687
17031630200,"Gage Park, Chicago, IL",0.687
17031823704,"Hickory Hills, IL",0.6866
17031611900,"Back of the Yards, Chicago, IL",0.6865
17031640700,"South Side, Chicago, IL",0.6864
17031823803,"Palos Hills, IL",0.6864
17031837100,"East Garfield Park, Chicago, IL",0.6863
17031080202,"Gold Coast, Chicago, IL",0.6862
17031770800,"Schiller Park, IL",0.6857
17031824003,"Lemont, IL",0.6857
17031063400,"Lake View East, Chicago, IL",0.6854
17043840201,"Itasca, IL",0.6852
17031230500,"Hermosa, Chicago, IL",0.6851
17031836800,"East Garfield Park, Chicago, IL",0.6848
17031260200,"Garfield Park, Chicago, IL",0.6846
17031590700,"McKinley Park, Chicago, IL",0.6846
17031460600,"South Chicago, Chicago, IL",0.6846
17031260500,"Garfield Park, Chicago, IL",0.6841
17031823705,"Hickory Hills, IL",0.6841
17043844304,"Lombard, IL",0.6838
17031170800,"Belmont Heights, Chicago, IL",0.6837
17031010600,"Rogers Park, Chicago, IL",0.6837
17031550100,"South Side, Chicago, IL",0.6837
17031062200,"Lake View, Chicago, IL",0.683
17031835600,"Fuller Park, Chicago, IL",0.6829
17043844002,"Elmhurst, IL",0.6826
17031611300,"South Side, Chicago, IL",0.6824
17031820604,"Justice, IL",0.6823
17031810600,"Harwood Heights, IL",0.6823
17031280800,"Near West Side, Chicago, IL",0.6823
17031243400,"West Town, Chicago, IL",0.6823
17031301200,"Little Village, Chicago, IL",0.682
17031837400,"East Garfield Park, Chicago, IL",0.6819
17031834900,"Englewood, Chicago, IL",0.6819
17031530502,"South Side, Chicago, IL",0.6819
17031811402,"Franklin Park, IL",0.6817
17031831000,"Bucktown, Chicago, IL",0.6816
17043844802,"Downers Grove, IL",0.6816
17031063200,"Lake View East, Chicago, IL",0.6814
17031120400,"Forest Glen, Chicago, IL",0.6813
17031030102,"Edgewater, Chicago, IL",0.6809
17031805702,"Park Ridge, IL",0.6806
17031710100,"Auburn Gresham, Chicago, IL",0.6805
17031190300,"Belmont Cragin, Chicago, IL",0.6805
17031222200,"Bucktown, Chicago, IL",0.6803
17031821101,"Burbank, IL",0.6802
17031823703,"Bridgeview, IL",0.6802
17031720400,"South Side, Chicago, IL",0.68
17031410900,"East Hyde Park, Chicago, IL",0.6798
17031160501,"Irving Park, Chicago, IL",0.6797
17031071600,"Lincoln Park, Chicago, IL",0.6794
17031837000,"East Garfield Park, Chicago, IL",0.6792
17031241400,"West Town, Chicago, IL",0.6788
17031260300,"Garfield Park, Chicago, IL",0.6786
17031170400,"Dunning, Chicago, IL",0.6784
17031061902,"Lake View East, Chicago, IL",0.6784
17197881006,"Orland Park, IL",0.6783
17043845505,"Darien, IL",0.6783
17031160300,"Irving Park, Chicago, IL",0.6778
17031841400,"Little Village, Chicago, IL",0.6775
17031650100,"South Side, Chicago, IL",0.6774
17031050300,"North Center, Chicago, IL",0.6771
17031030601,"Edgewater, Chicago, IL",0.6767
17031611700,"South Side, Chicago, IL",0.6767
17031821700,"Evergreen Park, IL",0.6765
17031292400,"Lawndale, Chicago, IL",0.6763
17031823702,"Palos Hills, IL",0.6758
17031560300,"South Side, Chicago, IL",0.6758
17031390100,"Kenwood, Chicago, IL",0.6755
17031190401,"Belmont Central, Chicago, IL",0.6752
17031831600,"Montclare, Chicago, IL",0.6752
17031120200,"Edgebrook, Chicago, IL",0.675
17031081403,"Streeterville, Chicago, IL",0.6749
17031839100,"Chicago Loop, Chicago, IL",0.6748
17031823801,"Palos Park, IL",0.6743
17031100200,"Norwood Park, Chicago, IL",0.6738
17031062500,"Lake View, Chicago, IL",0.6732
17031770601,"Des Plaines, IL",0.673
17031320100,"Chicago Loop, Chicago, IL",0.6726
17031411000,"South Side, Chicago, IL",0.6723
17031810701,"Elmwood Park, IL",0.6721
17031560800,"Garfield Ridge, Chicago, IL",0.672
17031081201,"Streeterville, Chicago, IL",0.6719
17031671200,"Englewood, Chicago, IL",0.6717
17031050600,"North Center, Chicago, IL",0.6717
17031816401,"Melrose Park, IL",0.6713
17031810702,"Elmwood Park, IL",0.6711
17031841000,"Near South Side, Chicago, IL",0.671
17031400500,"South Side, Chicago, IL",0.6708
17031760801,"O'Hare, Chicago, IL",0.6708
17031650200,"South Side, Chicago, IL",0.6707
17031080100,"Gold Coast, Chicago, IL",0.6706
17031770602,"Des Plaines, IL",0.6705
17031822101,"Oak Lawn, IL",0.6703
17031612000,"Back of the Yards, Chicago, IL",0.6703
17031740300,"South Side, Chicago, IL",0.6702
17031831700,"Old Irving Park, Chicago, IL",0.6695
17031820606,"Willow Springs, IL",0.6693
17031150300,"Portage Park, Chicago, IL",0.6692
17031242300,"Ukrainian Village, Chicago, IL",0.6691
17031110300,"Jefferson Park, Chicago, IL",0.669
17031550200,"South Side, Chicago, IL",0.669
17031150200,"Portage Park, Chicago, IL",0.669
17031430300,"Grand Crossing, Chicago, IL",0.6689
17031280900,"Near West Side, Chicago, IL",0.6687
17043845601,"Downers Grove, IL",0.668
17031470100,"South Side, Chicago, IL",0.6679
17031580800,"Brighton Park, Chicago, IL",0.6675
17031410700,"Hyde Park, Chicago, IL",0.6672
17031811900,"River Forest, IL",0.6662
17031310400,"Lower West Side, Chicago, IL",0.666
17031806501,"Des Plaines, IL",0.6659
17031390500,"South Side, Chicago, IL",0.6659
17031281900,"Near West Side, Chicago, IL",0.6659
17031611500,"South Side, Chicago, IL",0.6655
17031242900,"West Town, Chicago, IL",0.6654
17031710700,"Auburn Gresham, Chicago, IL",0.6652
17031350400,"Douglas, Chicago, IL",0.665
17031020602,"West Rogers Park, Chicago, IL",0.6644
17031836500,"Bronzeville, Chicago, IL",0.6643
17043844100,"Elmhurst, IL",0.6643
17031660301,"South Side, Chicago, IL",0.6641
17031640400,"South Side, Chicago, IL",0.6638
17031822900,"Bridgeview, IL",0.6635
17031835500,"Fuller Park, Chicago, IL",0.6634
17031680600,"Englewood, Chicago, IL",0.663
17031611000,"Back of the Yards, Chicago, IL",0.6624
17031640300,"Clearing, Chicago, IL",0.6615
17031390600,"Kenwood, Chicago, IL",0.6611
17031081401,"Streeterville, Chicago, IL",0.661
17031170500,"Dunning, Chicago, IL",0.6607
17031822602,"Oak Lawn, IL",0.6605
17043843601,"Lombard, IL",0.6605
17031560700,"Garfield Ridge, Chicago, IL",0.6605
17031020601,"West Ridge, Chicago, IL",0.6603
17031430900,"South Shore, Chicago, IL",0.66
17031100100,"Norwood Park, Chicago, IL",0.6594
17043845508,"Darien, IL",0.6593
17031680500,"Englewood, Chicago, IL",0.6587
17031150700,"Portage Park, Chicago, IL",0.658
17031062100,"Lake View, Chicago, IL",0.658
17031520600,"East Side, Chicago, IL",0.6578
17031836300,"South Side, Chicago, IL",0.6578
17031050100,"North Center, Chicago, IL",0.6561
17031030103,"Edgewater, Chicago, IL",0.6558
17031280100,"Fulton River District, Chicago, IL",0.6553
17031760802,"O'Hare, Chicago, IL",0.6552
17031810501,"Norridge, IL",0.6552
17043844901,"Downers Grove, IL",0.6547
17043840000,"Bensenville, IL",0.6545
17031031800,"Uptown, Chicago, IL",0.6541
17031210502,"Avondale, Chicago, IL",0.654
17031821001,"Burbank, IL",0.6533
17031660700,"Chicago Lawn, Chicago, IL",0.6526
17031823303,"Chicago, IL",0.652
17031823200,"Alsip, IL",0.6516
17031242100,"West Town, Chicago, IL",0.6511
17043843302,"Lombard, IL",0.6501
17031843500,"Little Village, Chicago, IL",0.65
17031090200,"Edison Park, Chicago, IL",0.6499
17031822301,"Oak Lawn, IL",0.6497
17031820000,"Hinsdale, IL",0.6496
17197881005,"Lockport, IL",0.6492
17031050800,"North Center, Chicago, IL",0.6476
17043843800,"Villa Park, IL",0.6473
17031190402,"Belmont Central, Chicago, IL",0.6472
17031812200,"Oak Park, IL",0.6471
17043844702,"Hinsdale, IL",0.6467
17031360200,"Bronzeville, Chicago, IL",0.6465
17031570300,"Archer Heights, Chicago, IL",0.6461
17031080300,"Old Town, Chicago, IL",0.646
17031051000,"Roscoe Village, Chicago, IL",0.6453
17031060800,"Lake View, Chicago, IL",0.645
17031171000,"Dunning, Chicago, IL",0.645
17031380500,"Bronzeville, Chicago, IL",0.6441
17031570100,"Archer Heights, Chicago, IL",0.6412
17031070400,"Lincoln Park, Chicago, IL",0.6406
17031820202,"Hodgkins, IL",0.6403
17031811000,"Elmwood Park, IL",0.6374
17031030200,"Edgewater, Chicago, IL",0.6369
17031240300,"West Town, Chicago, IL",0.6369
17031160900,"Irving Park, Chicago, IL",0.6343
17031808001,"Lincolnwood, IL",0.6341
17031818100,"Westchester, IL",0.634
17031081600,"Near North, Chicago, IL",0.6335
17043845100,"Clarendon Hills, IL",0.6333
17031700301,"Ashburn, Chicago, IL",0.6329
17031180100,"Montclare, Chicago, IL",0.6313
17043843400,"Lombard, IL",0.631
17031220601,"Logan Square, Chicago, IL",0.6304
17031081402,"Streeterville, Chicago, IL",0.6284
17031110502,"Jefferson Park, Chicago, IL",0.628
17031151100,"Portage Park, Chicago, IL",0.6275
17031824004,"Lemont, IL",0.6274
17031834700,"Englewood, Chicago, IL",0.6263
17031570500,"South Side, Chicago, IL",0.6245
17031110400,"Jefferson Park, Chicago, IL",0.6238
17031820800,"Chicago, IL",0.6234
17031150501,"Portage Park, Chicago, IL",0.6193
17031161300,"Irving Park, Chicago, IL",0.6171
17043840304,"Addison, IL",0.6156
17031822801,"Oak Lawn, IL",0.6156
17031081300,"Streeterville, Chicago, IL",0.6144
17031070600,"Lincoln Park, Chicago, IL",0.6138
17031210501,"Avondale, Chicago, IL",0.6123
17031819000,"La Grange Park, IL",0.6118
17031810400,"Park Ridge, IL",0.6077
17031271300,"East Garfield Park, Chicago, IL",0.6068
17031380700,"Bronzeville, Chicago, IL",0.6065
17031818402,"Westchester, IL",0.6064
17043844701,"Westmont, IL",0.6042
17031171100,"Dunning, Chicago, IL",0.6025
17031839000,"Chicago Loop, Chicago, IL",0.6002
17031151200,"Portage Park, Chicago, IL",0.5981
17031161100,"Irving Park, Chicago, IL",0.5922
17031833300,"Near West Side, Chicago, IL",0.5916
17043842900,"Elmhurst, IL",0.5897
17031320400,"Chicago Loop, Chicago, IL",0.5896
17031081202,"Gold Coast, Chicago, IL",0.5876
17031824114,"Orland Park, IL",0.5867
17043845703,"Downers Grove, IL",0.5855
17031819802,"Western Springs, IL",0.5836
17031560400,"South Side, Chicago, IL",0.5798
17031805801,"Park Ridge, IL",0.5794
17031081500,"Near North, Chicago, IL",0.5787
17031100400,"Norwood Park, Chicago, IL",0.5779
17043843500,"Lombard, IL",0.573
17031390200,"South Side, Chicago, IL",0.5707
17043844202,"Lombard, IL",0.5594
17031832900,"University Village / Little Italy, Chicago, IL",0.5536
17031836200,"Hyde Park, Chicago, IL",0.5527
17043845300,"Hinsdale, IL",0.548
17031243500,"West Town, Chicago, IL",0.538
17031061200,"Wrigleyville, Chicago, IL",0.5245
17031030702,"Edgewater Beach, Chicago, IL",0.4635
17043845808,"Woodridge, IL",0.4592
17031824006,"Lemont, IL",0.4383
17031980100,"Clearing, Chicago, IL",
17031980000,"O'Hare, Des Plaines, IL",
17031835700,"Bronzeville, Chicago, IL",
17031381700,"Bronzeville, Chicago, IL",